models/ft_unsupervised_N_2.bin,LR,10,1,283,LR,0.717357910906298,0.7205158624981124,0.717357910906298,0.7182611533591388,,0.717357910906298,0.717357910906298,0.7173579109062981,
models/ft_unsupervised_N_2.bin,LR,10,1,283,SVM,0.7081413210445469,0.7062148315846328,0.7081413210445469,0.7054282123406548,,0.7081413210445469,0.7081413210445469,0.7081413210445467,
models/ft_unsupervised_N_2.bin,LR,10,1,283,KNN,0.6451612903225806,0.6786762326033012,0.6451612903225806,0.643151205148098,,0.6451612903225806,0.6451612903225806,0.6451612903225806,
models/ft_unsupervised_N_2.bin,LR,10,2,540,LR,0.7265745007680492,0.7250463106507271,0.7265745007680492,0.7248042919366261,,0.7265745007680492,0.7265745007680492,0.7265745007680491,
models/ft_unsupervised_N_2.bin,LR,10,2,540,SVM,0.738863287250384,0.7397250848466395,0.738863287250384,0.7339407903924033,,0.738863287250384,0.738863287250384,0.7388632872503841,
models/ft_unsupervised_N_2.bin,LR,10,2,540,KNN,0.642089093701997,0.65484425176118,0.642089093701997,0.6435363062878494,,0.642089093701997,0.642089093701997,0.642089093701997,
models/ft_unsupervised_N_2.bin,LR,10,5,1311,LR,0.7311827956989247,0.7300836478315165,0.7311827956989247,0.7303382777649627,,0.7311827956989247,0.7311827956989247,0.7311827956989246,
models/ft_unsupervised_N_2.bin,LR,10,5,1311,SVM,0.7557603686635944,0.7549260157893842,0.7557603686635944,0.7551247041788671,,0.7557603686635944,0.7557603686635944,0.7557603686635945,
models/ft_unsupervised_N_2.bin,LR,10,5,1311,KNN,0.6820276497695853,0.6925526351511271,0.6820276497695853,0.6834294603614045,,0.6820276497695853,0.6820276497695853,0.6820276497695853,
models/ft_unsupervised_N_2.bin,LR,20,1,154,LR,0.717357910906298,0.7264356067443343,0.717357910906298,0.7186252560843404,,0.717357910906298,0.717357910906298,0.7173579109062981,
models/ft_unsupervised_N_2.bin,LR,20,1,154,SVM,0.7035330261136713,0.7181483521650925,0.7035330261136713,0.7046442736660109,,0.7035330261136713,0.7035330261136713,0.7035330261136713,
models/ft_unsupervised_N_2.bin,LR,20,1,154,KNN,0.5975422427035331,0.654895588781537,0.5975422427035331,0.586309217303452,,0.5975422427035331,0.5975422427035331,0.5975422427035331,
models/ft_unsupervised_N_2.bin,LR,20,2,282,LR,0.7235023041474654,0.7222885883417556,0.7235023041474654,0.7225570243071959,,0.7235023041474654,0.7235023041474654,0.7235023041474654,
models/ft_unsupervised_N_2.bin,LR,20,2,282,SVM,0.717357910906298,0.722383745286971,0.717357910906298,0.707447845956747,,0.717357910906298,0.717357910906298,0.7173579109062981,
models/ft_unsupervised_N_2.bin,LR,20,2,282,KNN,0.6052227342549923,0.5975836567069769,0.6052227342549923,0.5926624306260938,,0.6052227342549923,0.6052227342549923,0.6052227342549923,
models/ft_unsupervised_N_2.bin,LR,20,5,666,LR,0.738863287250384,0.7379930779018562,0.738863287250384,0.738252023974628,,0.738863287250384,0.738863287250384,0.7388632872503841,
models/ft_unsupervised_N_2.bin,LR,20,5,666,SVM,0.7649769585253456,0.7640415737848258,0.7649769585253456,0.7635326863595483,,0.7649769585253456,0.7649769585253456,0.7649769585253456,
models/ft_unsupervised_N_2.bin,LR,20,5,666,KNN,0.6497695852534562,0.6484370026842978,0.6497695852534562,0.6489497733306774,,0.6497695852534562,0.6497695852534562,0.6497695852534562,
models/ft_unsupervised_N_2.bin,LR,30,1,111,LR,0.6973886328725039,0.706175854622322,0.6973886328725039,0.6987457985691253,,0.6973886328725039,0.6973886328725039,0.6973886328725039,
models/ft_unsupervised_N_2.bin,LR,30,1,111,SVM,0.6973886328725039,0.7025687735938686,0.6973886328725039,0.6985992597191144,,0.6973886328725039,0.6973886328725039,0.6973886328725039,
models/ft_unsupervised_N_2.bin,LR,30,1,111,KNN,0.642089093701997,0.702840899058919,0.642089093701997,0.6334725067077611,,0.642089093701997,0.642089093701997,0.642089093701997,
models/ft_unsupervised_N_2.bin,LR,30,2,196,LR,0.7035330261136713,0.7112034684238483,0.7035330261136713,0.7048497286646151,,0.7035330261136713,0.7035330261136713,0.7035330261136713,
models/ft_unsupervised_N_2.bin,LR,30,2,196,SVM,0.7373271889400922,0.7363855269646561,0.7373271889400922,0.736643549777272,,0.7373271889400922,0.7373271889400922,0.7373271889400922,
models/ft_unsupervised_N_2.bin,LR,30,2,196,KNN,0.6359447004608295,0.6427525968284686,0.6359447004608295,0.6375181636894,,0.6359447004608295,0.6359447004608295,0.6359447004608295,
models/ft_unsupervised_N_2.bin,LR,30,5,451,LR,0.7204301075268817,0.7191922975872762,0.7204301075268817,0.719474324577276,,0.7204301075268817,0.7204301075268817,0.7204301075268817,
models/ft_unsupervised_N_2.bin,LR,30,5,451,SVM,0.7496159754224271,0.7519870266290731,0.7496159754224271,0.7442572465562303,,0.7496159754224271,0.7496159754224271,0.7496159754224271,
models/ft_unsupervised_N_2.bin,LR,30,5,451,KNN,0.6497695852534562,0.6482020392612213,0.6497695852534562,0.648764576237227,,0.6497695852534562,0.6497695852534562,0.6497695852534562,
models/ft_unsupervised_N_2.bin,LR,40,1,90,LR,0.717357910906298,0.7217746515686889,0.717357910906298,0.7184250180128078,,0.717357910906298,0.717357910906298,0.7173579109062981,
models/ft_unsupervised_N_2.bin,LR,40,1,90,SVM,0.7235023041474654,0.7228630424267463,0.7235023041474654,0.7190846239367912,,0.7235023041474654,0.7235023041474654,0.7235023041474654,
models/ft_unsupervised_N_2.bin,LR,40,1,90,KNN,0.6728110599078341,0.6871159499768547,0.6728110599078341,0.6740374626469448,,0.6728110599078341,0.6728110599078341,0.6728110599078341,
models/ft_unsupervised_N_2.bin,LR,40,2,154,LR,0.7357910906298003,0.736788778885805,0.7357910906298003,0.7305455855963889,,0.7357910906298003,0.7357910906298003,0.7357910906298003,
models/ft_unsupervised_N_2.bin,LR,40,2,154,SVM,0.7265745007680492,0.7359760046677466,0.7265745007680492,0.7150808027862445,,0.7265745007680492,0.7265745007680492,0.7265745007680491,
models/ft_unsupervised_N_2.bin,LR,40,2,154,KNN,0.6374807987711214,0.6327545226894352,0.6374807987711214,0.6287441764252962,,0.6374807987711214,0.6374807987711214,0.6374807987711214,
models/ft_unsupervised_N_2.bin,LR,40,5,346,LR,0.7357910906298003,0.7368134932495456,0.7357910906298003,0.7361909853292973,,0.7357910906298003,0.7357910906298003,0.7357910906298003,
models/ft_unsupervised_N_2.bin,LR,40,5,346,SVM,0.7450076804915514,0.752896246678672,0.7450076804915514,0.7461447645934222,,0.7450076804915514,0.7450076804915514,0.7450076804915513,
models/ft_unsupervised_N_2.bin,LR,40,5,346,KNN,0.6282642089093702,0.6671655430249457,0.6282642089093702,0.6245079335223227,,0.6282642089093702,0.6282642089093702,0.6282642089093702,
models/ft_unsupervised_N_2.bin,LR,50,1,77,LR,0.7004608294930875,0.7038942373500023,0.7004608294930875,0.7014506166888406,,0.7004608294930875,0.7004608294930875,0.7004608294930875,
models/ft_unsupervised_N_2.bin,LR,50,1,77,SVM,0.7019969278033794,0.7019969278033794,0.7019969278033794,0.7019969278033794,,0.7019969278033794,0.7019969278033794,0.7019969278033794,
models/ft_unsupervised_N_2.bin,LR,50,1,77,KNN,0.6728110599078341,0.6839103689377578,0.6728110599078341,0.6742328629492399,,0.6728110599078341,0.6728110599078341,0.6728110599078341,
models/ft_unsupervised_N_2.bin,LR,50,2,128,LR,0.706605222734255,0.7127102991734328,0.706605222734255,0.7078474373370267,,0.706605222734255,0.706605222734255,0.706605222734255,
models/ft_unsupervised_N_2.bin,LR,50,2,128,SVM,0.7112135176651305,0.7262764097259774,0.7112135176651305,0.7122712786147569,,0.7112135176651305,0.7112135176651305,0.7112135176651304,
models/ft_unsupervised_N_2.bin,LR,50,2,128,KNN,0.6098310291858678,0.6711088969153485,0.6098310291858678,0.5984947664749718,,0.6098310291858678,0.6098310291858678,0.6098310291858678,
models/ft_unsupervised_N_2.bin,LR,50,5,281,LR,0.7265745007680492,0.7257937372906966,0.7265745007680492,0.7260734993132487,,0.7265745007680492,0.7265745007680492,0.7265745007680491,
models/ft_unsupervised_N_2.bin,LR,50,5,281,SVM,0.7526881720430108,0.7521642122604643,0.7526881720430108,0.7499100201995471,,0.7526881720430108,0.7526881720430108,0.7526881720430108,
models/ft_unsupervised_N_2.bin,LR,50,5,281,KNN,0.642089093701997,0.6580378714590113,0.642089093701997,0.6432218274802339,,0.642089093701997,0.642089093701997,0.642089093701997,
models/ft_unsupervised_N_2.bin,LR,100,1,51,LR,0.7296466973886329,0.7340105112605818,0.7296466973886329,0.7306674085339899,,0.7296466973886329,0.7296466973886329,0.7296466973886329,
models/ft_unsupervised_N_2.bin,LR,100,1,51,SVM,0.6758832565284179,0.6778576830965896,0.6758832565284179,0.6624942858621302,,0.6758832565284179,0.6758832565284179,0.6758832565284179,
models/ft_unsupervised_N_2.bin,LR,100,1,51,KNN,0.6774193548387096,0.7043759096109091,0.6774193548387096,0.6770692002835339,,0.6774193548387096,0.6774193548387096,0.6774193548387096,
models/ft_unsupervised_N_2.bin,LR,100,2,76,LR,0.7235023041474654,0.7262460120524636,0.7235023041474654,0.7243218205140386,,0.7235023041474654,0.7235023041474654,0.7235023041474654,
models/ft_unsupervised_N_2.bin,LR,100,2,76,SVM,0.6912442396313364,0.6896989721948946,0.6912442396313364,0.6901015213402891,,0.6912442396313364,0.6912442396313364,0.6912442396313364,
models/ft_unsupervised_N_2.bin,LR,100,2,76,KNN,0.6098310291858678,0.6142887262431854,0.6098310291858678,0.6112361995489441,,0.6098310291858678,0.6098310291858678,0.6098310291858678,
models/ft_unsupervised_N_2.bin,LR,100,5,151,LR,0.7081413210445469,0.7102210472951046,0.7081413210445469,0.7088541036677393,,0.7081413210445469,0.7081413210445469,0.7081413210445467,
models/ft_unsupervised_N_2.bin,LR,100,5,151,SVM,0.717357910906298,0.7167207640419422,0.717357910906298,0.7169780156252582,,0.717357910906298,0.717357910906298,0.7173579109062981,
models/ft_unsupervised_N_2.bin,LR,100,5,151,KNN,0.6328725038402457,0.6617919444899889,0.6328725038402457,0.6316470266160159,,0.6328725038402457,0.6328725038402457,0.6328725038402457,
models/ft_unsupervised_N_2.bin,SVM,10,1,283,LR,0.7342549923195084,0.7379487170529619,0.7342549923195084,0.7351870199372535,,0.7342549923195084,0.7342549923195084,0.7342549923195084,
models/ft_unsupervised_N_2.bin,SVM,10,1,283,SVM,0.7342549923195084,0.7357374778786994,0.7342549923195084,0.7347864505490902,,0.7342549923195084,0.7342549923195084,0.7342549923195084,
models/ft_unsupervised_N_2.bin,SVM,10,1,283,KNN,0.6620583717357911,0.685706621742458,0.6620583717357911,0.6621269488477087,,0.6620583717357911,0.6620583717357911,0.6620583717357911,
models/ft_unsupervised_N_2.bin,SVM,10,2,540,LR,0.7480798771121352,0.7475308889334135,0.7480798771121352,0.7477412747964256,,0.7480798771121352,0.7480798771121352,0.7480798771121352,
models/ft_unsupervised_N_2.bin,SVM,10,2,540,SVM,0.7680491551459293,0.7700623091547093,0.7680491551459293,0.7686475706723949,,0.7680491551459293,0.7680491551459293,0.7680491551459293,
models/ft_unsupervised_N_2.bin,SVM,10,2,540,KNN,0.631336405529954,0.638395721171132,0.631336405529954,0.6329434006853362,,0.631336405529954,0.631336405529954,0.631336405529954,
models/ft_unsupervised_N_2.bin,SVM,10,5,1311,LR,0.7296466973886329,0.728728656327626,0.7296466973886329,0.7290138601149088,,0.7296466973886329,0.7296466973886329,0.7296466973886329,
models/ft_unsupervised_N_2.bin,SVM,10,5,1311,SVM,0.7772657450076805,0.7767910516682427,0.7772657450076805,0.7754397740959009,,0.7772657450076805,0.7772657450076805,0.7772657450076806,
models/ft_unsupervised_N_2.bin,SVM,10,5,1311,KNN,0.6712749615975423,0.6718491406958044,0.6712749615975423,0.671536735575623,,0.6712749615975423,0.6712749615975423,0.6712749615975423,
models/ft_unsupervised_N_2.bin,SVM,20,1,154,LR,0.7004608294930875,0.6993045493151998,0.7004608294930875,0.6996812409740822,,0.7004608294930875,0.7004608294930875,0.7004608294930875,
models/ft_unsupervised_N_2.bin,SVM,20,1,154,SVM,0.7296466973886329,0.7313063474237622,0.7296466973886329,0.7302285528091979,,0.7296466973886329,0.7296466973886329,0.7296466973886329,
models/ft_unsupervised_N_2.bin,SVM,20,1,154,KNN,0.6605222734254992,0.6972945407746602,0.6605222734254992,0.6581650845080967,,0.6605222734254992,0.6605222734254992,0.6605222734254992,
models/ft_unsupervised_N_2.bin,SVM,20,2,282,LR,0.7480798771121352,0.7470589143775892,0.7480798771121352,0.7472186221465562,,0.7480798771121352,0.7480798771121352,0.7480798771121352,
models/ft_unsupervised_N_2.bin,SVM,20,2,282,SVM,0.7542242703533026,0.7538510820431509,0.7542242703533026,0.754008968164259,,0.7542242703533026,0.7542242703533026,0.7542242703533028,
models/ft_unsupervised_N_2.bin,SVM,20,2,282,KNN,0.6835637480798771,0.6826114379113251,0.6835637480798771,0.6829839374074678,,0.6835637480798771,0.6835637480798771,0.6835637480798771,
models/ft_unsupervised_N_2.bin,SVM,20,5,666,LR,0.7188940092165899,0.7183566609785449,0.7188940092165899,0.7185826746719661,,0.7188940092165899,0.7188940092165899,0.71889400921659,
models/ft_unsupervised_N_2.bin,SVM,20,5,666,SVM,0.7542242703533026,0.7538510820431509,0.7542242703533026,0.754008968164259,,0.7542242703533026,0.7542242703533026,0.7542242703533028,
models/ft_unsupervised_N_2.bin,SVM,20,5,666,KNN,0.6543778801843319,0.6525170869362606,0.6543778801843319,0.6530987179182342,,0.6543778801843319,0.6543778801843319,0.6543778801843319,
models/ft_unsupervised_N_2.bin,SVM,30,1,111,LR,0.6927803379416283,0.700203005137344,0.6927803379416283,0.6941378201693281,,0.6927803379416283,0.6927803379416283,0.6927803379416283,
models/ft_unsupervised_N_2.bin,SVM,30,1,111,SVM,0.6943164362519201,0.7195681281256385,0.6943164362519201,0.6943164362519201,,0.6943164362519201,0.6943164362519201,0.6943164362519201,
models/ft_unsupervised_N_2.bin,SVM,30,1,111,KNN,0.6251920122887865,0.7291383261583624,0.6251920122887865,0.603985732441617,,0.6251920122887865,0.6251920122887865,0.6251920122887865,
models/ft_unsupervised_N_2.bin,SVM,30,2,196,LR,0.695852534562212,0.7067218935693947,0.695852534562212,0.6971845189077632,,0.695852534562212,0.695852534562212,0.695852534562212,
models/ft_unsupervised_N_2.bin,SVM,30,2,196,SVM,0.7327188940092166,0.7437013848555455,0.7327188940092166,0.7338894257068223,,0.7327188940092166,0.7327188940092166,0.7327188940092166,
models/ft_unsupervised_N_2.bin,SVM,30,2,196,KNN,0.6574500768049155,0.6796883187515091,0.6574500768049155,0.6577184359363165,,0.6574500768049155,0.6574500768049155,0.6574500768049155,
models/ft_unsupervised_N_2.bin,SVM,30,5,451,LR,0.7235023041474654,0.7220192287953912,0.7235023041474654,0.7220673527730951,,0.7235023041474654,0.7235023041474654,0.7235023041474654,
models/ft_unsupervised_N_2.bin,SVM,30,5,451,SVM,0.7542242703533026,0.7551966679769502,0.7542242703533026,0.7545962654226022,,0.7542242703533026,0.7542242703533026,0.7542242703533028,
models/ft_unsupervised_N_2.bin,SVM,30,5,451,KNN,0.6359447004608295,0.644744390776451,0.6359447004608295,0.6375774327963589,,0.6359447004608295,0.6359447004608295,0.6359447004608295,
models/ft_unsupervised_N_2.bin,SVM,40,1,90,LR,0.6482334869431644,0.6500091512177446,0.6482334869431644,0.6489369778944604,,0.6482334869431644,0.6482334869431644,0.6482334869431644,
models/ft_unsupervised_N_2.bin,SVM,40,1,90,SVM,0.6820276497695853,0.6847616356294477,0.6820276497695853,0.6829309350249897,,0.6820276497695853,0.6820276497695853,0.6820276497695853,
models/ft_unsupervised_N_2.bin,SVM,40,1,90,KNN,0.5729646697388633,0.692718417699663,0.5729646697388633,0.5364419112296872,,0.5729646697388633,0.5729646697388633,0.5729646697388633,
models/ft_unsupervised_N_2.bin,SVM,40,2,154,LR,0.7096774193548387,0.707980377057129,0.7096774193548387,0.7080797670865319,,0.7096774193548387,0.7096774193548387,0.7096774193548389,
models/ft_unsupervised_N_2.bin,SVM,40,2,154,SVM,0.7403993855606759,0.7428835190055386,0.7403993855606759,0.7411368503344119,,0.7403993855606759,0.7403993855606759,0.7403993855606759,
models/ft_unsupervised_N_2.bin,SVM,40,2,154,KNN,0.6682027649769585,0.6903580290677066,0.6682027649769585,0.6685237762337534,,0.6682027649769585,0.6682027649769585,0.6682027649769585,
models/ft_unsupervised_N_2.bin,SVM,40,5,346,LR,0.7112135176651305,0.7101998131791657,0.7112135176651305,0.7105375323954708,,0.7112135176651305,0.7112135176651305,0.7112135176651304,
models/ft_unsupervised_N_2.bin,SVM,40,5,346,SVM,0.7619047619047619,0.7627204277876246,0.7619047619047619,0.7622241989289504,,0.7619047619047619,0.7619047619047619,0.7619047619047619,
models/ft_unsupervised_N_2.bin,SVM,40,5,346,KNN,0.6513056835637481,0.6566690839804442,0.6513056835637481,0.6527006698286244,,0.6513056835637481,0.6513056835637481,0.6513056835637481,
models/ft_unsupervised_N_2.bin,SVM,50,1,77,LR,0.7050691244239631,0.7099882427665987,0.7050691244239631,0.7062283026844591,,0.7050691244239631,0.7050691244239631,0.7050691244239631,
models/ft_unsupervised_N_2.bin,SVM,50,1,77,SVM,0.7096774193548387,0.7178917407370418,0.7096774193548387,0.7109758966236455,,0.7096774193548387,0.7096774193548387,0.7096774193548389,
models/ft_unsupervised_N_2.bin,SVM,50,1,77,KNN,0.6835637480798771,0.7169686078209915,0.6835637480798771,0.6822427482182563,,0.6835637480798771,0.6835637480798771,0.6835637480798771,
models/ft_unsupervised_N_2.bin,SVM,50,2,128,LR,0.695852534562212,0.6936581084046521,0.695852534562212,0.6932494466162689,,0.695852534562212,0.695852534562212,0.695852534562212,
models/ft_unsupervised_N_2.bin,SVM,50,2,128,SVM,0.7019969278033794,0.7052233784374751,0.7019969278033794,0.7029492595199616,,0.7019969278033794,0.7019969278033794,0.7019969278033794,
models/ft_unsupervised_N_2.bin,SVM,50,2,128,KNN,0.6574500768049155,0.6822223533357348,0.6574500768049155,0.6573062015855801,,0.6574500768049155,0.6574500768049155,0.6574500768049155,
models/ft_unsupervised_N_2.bin,SVM,50,5,281,LR,0.7035330261136713,0.7029597212123466,0.7035330261136713,0.7032046787524014,,0.7035330261136713,0.7035330261136713,0.7035330261136713,
models/ft_unsupervised_N_2.bin,SVM,50,5,281,SVM,0.7311827956989247,0.7298233778977063,0.7311827956989247,0.7298705228462533,,0.7311827956989247,0.7311827956989247,0.7311827956989246,
models/ft_unsupervised_N_2.bin,SVM,50,5,281,KNN,0.706605222734255,0.7088682129688143,0.706605222734255,0.7073621589299829,,0.706605222734255,0.706605222734255,0.706605222734255,
models/ft_unsupervised_N_2.bin,SVM,100,1,51,LR,0.7142857142857143,0.7309174267180413,0.7142857142857143,0.7152210884353741,,0.7142857142857143,0.7142857142857143,0.7142857142857143,
models/ft_unsupervised_N_2.bin,SVM,100,1,51,SVM,0.6973886328725039,0.7073446489395198,0.6973886328725039,0.6987361175307584,,0.6973886328725039,0.6973886328725039,0.6973886328725039,
models/ft_unsupervised_N_2.bin,SVM,100,1,51,KNN,0.6651305683563749,0.6906496209305782,0.6651305683563749,0.6649172213688344,,0.6651305683563749,0.6651305683563749,0.6651305683563749,
models/ft_unsupervised_N_2.bin,SVM,100,2,76,LR,0.7004608294930875,0.6996737202399522,0.7004608294930875,0.6999858574491958,,0.7004608294930875,0.7004608294930875,0.7004608294930875,
models/ft_unsupervised_N_2.bin,SVM,100,2,76,SVM,0.7142857142857143,0.7187156866457158,0.7142857142857143,0.7153644203825122,,0.7142857142857143,0.7142857142857143,0.7142857142857143,
models/ft_unsupervised_N_2.bin,SVM,100,2,76,KNN,0.6989247311827957,0.7017755720981527,0.6989247311827957,0.6998170934486199,,0.6989247311827957,0.6989247311827957,0.6989247311827957,
models/ft_unsupervised_N_2.bin,SVM,100,5,151,LR,0.7235023041474654,0.7278925814146354,0.7235023041474654,0.7245462132733989,,0.7235023041474654,0.7235023041474654,0.7235023041474654,
models/ft_unsupervised_N_2.bin,SVM,100,5,151,SVM,0.7096774193548387,0.7290844456450999,0.7096774193548387,0.7103778588619724,,0.7096774193548387,0.7096774193548387,0.7096774193548389,
models/ft_unsupervised_N_2.bin,SVM,100,5,151,KNN,0.6574500768049155,0.7102572754473492,0.6574500768049155,0.6515703131284845,,0.6574500768049155,0.6574500768049155,0.6574500768049155,
models/ft_unsupervised_N_2.bin,KNN,10,1,283,LR,0.7112135176651305,0.7093610673776389,0.7112135176651305,0.7085289680002268,,0.7112135176651305,0.7112135176651305,0.7112135176651304,
models/ft_unsupervised_N_2.bin,KNN,10,1,283,SVM,0.7142857142857143,0.7151574403942139,0.7142857142857143,0.7074000712504452,,0.7142857142857143,0.7142857142857143,0.7142857142857143,
models/ft_unsupervised_N_2.bin,KNN,10,1,283,KNN,0.7004608294930875,0.7129638202380872,0.7004608294930875,0.7017077964285929,,0.7004608294930875,0.7004608294930875,0.7004608294930875,
models/ft_unsupervised_N_2.bin,KNN,10,2,540,LR,0.7357910906298003,0.7347804642699232,0.7357910906298003,0.7350329259333467,,0.7357910906298003,0.7357910906298003,0.7357910906298003,
models/ft_unsupervised_N_2.bin,KNN,10,2,540,SVM,0.7357910906298003,0.734513985639267,0.7357910906298003,0.7345813428762739,,0.7357910906298003,0.7357910906298003,0.7357910906298003,
models/ft_unsupervised_N_2.bin,KNN,10,2,540,KNN,0.7127496159754224,0.7146387302133366,0.7127496159754224,0.7134101905751516,,0.7127496159754224,0.7127496159754224,0.7127496159754224,
models/ft_unsupervised_N_2.bin,KNN,10,5,1311,LR,0.7357910906298003,0.7344101565195007,0.7357910906298003,0.7340805517589871,,0.7357910906298003,0.7357910906298003,0.7357910906298003,
models/ft_unsupervised_N_2.bin,KNN,10,5,1311,SVM,0.7711213517665131,0.7702785311409406,0.7711213517665131,0.7697148383501484,,0.7711213517665131,0.7711213517665131,0.7711213517665131,
models/ft_unsupervised_N_2.bin,KNN,10,5,1311,KNN,0.7019969278033794,0.7069286592699705,0.7019969278033794,0.7031681808374222,,0.7019969278033794,0.7019969278033794,0.7019969278033794,
models/ft_unsupervised_N_2.bin,KNN,20,1,154,LR,0.6973886328725039,0.7008358074008576,0.6973886328725039,0.6983885717318029,,0.6973886328725039,0.6973886328725039,0.6973886328725039,
models/ft_unsupervised_N_2.bin,KNN,20,1,154,SVM,0.728110599078341,0.7279990372976253,0.728110599078341,0.7280530918923518,,0.728110599078341,0.728110599078341,0.728110599078341,
models/ft_unsupervised_N_2.bin,KNN,20,1,154,KNN,0.6866359447004609,0.6957072612722721,0.6866359447004609,0.6880410447891598,,0.6866359447004609,0.6866359447004609,0.6866359447004609,
models/ft_unsupervised_N_2.bin,KNN,20,2,282,LR,0.695852534562212,0.6942750676439738,0.695852534562212,0.6946394543887298,,0.695852534562212,0.695852534562212,0.695852534562212,
models/ft_unsupervised_N_2.bin,KNN,20,2,282,SVM,0.7296466973886329,0.7281666272580476,0.7296466973886329,0.7275264136058287,,0.7296466973886329,0.7296466973886329,0.7296466973886329,
models/ft_unsupervised_N_2.bin,KNN,20,2,282,KNN,0.6804915514592934,0.6781667621352626,0.6804915514592934,0.6744687317742345,,0.6804915514592934,0.6804915514592934,0.6804915514592934,
models/ft_unsupervised_N_2.bin,KNN,20,5,666,LR,0.7357910906298003,0.7345848912184105,0.7357910906298003,0.7347373038124319,,0.7357910906298003,0.7357910906298003,0.7357910906298003,
models/ft_unsupervised_N_2.bin,KNN,20,5,666,SVM,0.7526881720430108,0.7517851175941395,0.7526881720430108,0.7504810058281056,,0.7526881720430108,0.7526881720430108,0.7526881720430108,
models/ft_unsupervised_N_2.bin,KNN,20,5,666,KNN,0.7112135176651305,0.7099034253238385,0.7112135176651305,0.7102262253875158,,0.7112135176651305,0.7112135176651305,0.7112135176651304,
models/ft_unsupervised_N_2.bin,KNN,30,1,111,LR,0.7127496159754224,0.716539425091954,0.7127496159754224,0.7137570677934474,,0.7127496159754224,0.7127496159754224,0.7127496159754224,
models/ft_unsupervised_N_2.bin,KNN,30,1,111,SVM,0.7250384024577573,0.7279666855489383,0.7250384024577573,0.7258858973919368,,0.7250384024577573,0.7250384024577573,0.7250384024577573,
models/ft_unsupervised_N_2.bin,KNN,30,1,111,KNN,0.6620583717357911,0.7119743074358722,0.6620583717357911,0.6570099923196542,,0.6620583717357911,0.6620583717357911,0.6620583717357911,
models/ft_unsupervised_N_2.bin,KNN,30,2,196,LR,0.6989247311827957,0.7053034135163301,0.6989247311827957,0.7002134436391099,,0.6989247311827957,0.6989247311827957,0.6989247311827957,
models/ft_unsupervised_N_2.bin,KNN,30,2,196,SVM,0.728110599078341,0.7381143200618255,0.728110599078341,0.7293212832636761,,0.728110599078341,0.728110599078341,0.728110599078341,
models/ft_unsupervised_N_2.bin,KNN,30,2,196,KNN,0.7050691244239631,0.7342563887725178,0.7050691244239631,0.7046111572258636,,0.7050691244239631,0.7050691244239631,0.7050691244239631,
models/ft_unsupervised_N_2.bin,KNN,30,5,451,LR,0.7127496159754224,0.7116648751983518,0.7127496159754224,0.7120020105751454,,0.7127496159754224,0.7127496159754224,0.7127496159754224,
models/ft_unsupervised_N_2.bin,KNN,30,5,451,SVM,0.7542242703533026,0.7531240213624344,0.7542242703533026,0.7529487580205287,,0.7542242703533026,0.7542242703533026,0.7542242703533028,
models/ft_unsupervised_N_2.bin,KNN,30,5,451,KNN,0.6774193548387096,0.6782857904558784,0.6774193548387096,0.6777950958835482,,0.6774193548387096,0.6774193548387096,0.6774193548387096,
models/ft_unsupervised_N_2.bin,KNN,40,1,90,LR,0.6912442396313364,0.6951301331309463,0.6912442396313364,0.6923271156496412,,0.6912442396313364,0.6912442396313364,0.6912442396313364,
models/ft_unsupervised_N_2.bin,KNN,40,1,90,SVM,0.7188940092165899,0.7214701935511892,0.7188940092165899,0.71969256574673,,0.7188940092165899,0.7188940092165899,0.71889400921659,
models/ft_unsupervised_N_2.bin,KNN,40,1,90,KNN,0.6436251920122887,0.6817637284961536,0.6436251920122887,0.6405421841426003,,0.6436251920122887,0.6436251920122887,0.6436251920122887,
models/ft_unsupervised_N_2.bin,KNN,40,2,154,LR,0.7035330261136713,0.7016052802290959,0.7035330261136713,0.7015145619248996,,0.7035330261136713,0.7035330261136713,0.7035330261136713,
models/ft_unsupervised_N_2.bin,KNN,40,2,154,SVM,0.7096774193548387,0.7078143867517682,0.7096774193548387,0.7075021466506949,,0.7096774193548387,0.7096774193548387,0.7096774193548389,
models/ft_unsupervised_N_2.bin,KNN,40,2,154,KNN,0.6927803379416283,0.6910372073537864,0.6927803379416283,0.691373654507295,,0.6927803379416283,0.6927803379416283,0.6927803379416283,
models/ft_unsupervised_N_2.bin,KNN,40,5,346,LR,0.7235023041474654,0.7228827890202365,0.7235023041474654,0.7231306674594917,,0.7235023041474654,0.7235023041474654,0.7235023041474654,
models/ft_unsupervised_N_2.bin,KNN,40,5,346,SVM,0.7619047619047619,0.7609642130568872,0.7619047619047619,0.7602837155355411,,0.7619047619047619,0.7619047619047619,0.7619047619047619,
models/ft_unsupervised_N_2.bin,KNN,40,5,346,KNN,0.6728110599078341,0.6991021259912296,0.6728110599078341,0.6725300287854641,,0.6728110599078341,0.6728110599078341,0.6728110599078341,
models/ft_unsupervised_N_2.bin,KNN,50,1,77,LR,0.7096774193548387,0.7258572141518619,0.7096774193548387,0.7106581531555664,,0.7096774193548387,0.7096774193548387,0.7096774193548389,
models/ft_unsupervised_N_2.bin,KNN,50,1,77,SVM,0.7050691244239631,0.728338481794703,0.7050691244239631,0.7053544677633362,,0.7050691244239631,0.7050691244239631,0.7050691244239631,
models/ft_unsupervised_N_2.bin,KNN,50,1,77,KNN,0.5837173579109063,0.7150010937536576,0.5837173579109063,0.546840181112774,,0.5837173579109063,0.5837173579109063,0.5837173579109063,
models/ft_unsupervised_N_2.bin,KNN,50,2,128,LR,0.6973886328725039,0.6983618612299668,0.6973886328725039,0.6977946270258273,,0.6973886328725039,0.6973886328725039,0.6973886328725039,
models/ft_unsupervised_N_2.bin,KNN,50,2,128,SVM,0.7373271889400922,0.7398244725120602,0.7373271889400922,0.7380733811076001,,0.7373271889400922,0.7373271889400922,0.7373271889400922,
models/ft_unsupervised_N_2.bin,KNN,50,2,128,KNN,0.6774193548387096,0.6789272011787051,0.6774193548387096,0.6780137643630956,,0.6774193548387096,0.6774193548387096,0.6774193548387096,
models/ft_unsupervised_N_2.bin,KNN,50,5,281,LR,0.7373271889400922,0.7402011727421651,0.7373271889400922,0.738136807005705,,0.7373271889400922,0.7373271889400922,0.7373271889400922,
models/ft_unsupervised_N_2.bin,KNN,50,5,281,SVM,0.7542242703533026,0.7584822306443674,0.7542242703533026,0.7551521895763545,,0.7542242703533026,0.7542242703533026,0.7542242703533028,
models/ft_unsupervised_N_2.bin,KNN,50,5,281,KNN,0.685099846390169,0.7169742604612389,0.685099846390169,0.6840487048380052,,0.685099846390169,0.685099846390169,0.685099846390169,
models/ft_unsupervised_N_2.bin,KNN,100,1,51,LR,0.6620583717357911,0.6902070450457548,0.6620583717357911,0.661369280905006,,0.6620583717357911,0.6620583717357911,0.6620583717357911,
models/ft_unsupervised_N_2.bin,KNN,100,1,51,SVM,0.6236559139784946,0.7143743290265876,0.6236559139784946,0.6055542906151008,,0.6236559139784946,0.6236559139784946,0.6236559139784946,
models/ft_unsupervised_N_2.bin,KNN,100,1,51,KNN,0.6251920122887865,0.6794403513612728,0.6251920122887865,0.6171369596486778,,0.6251920122887865,0.6251920122887865,0.6251920122887865,
models/ft_unsupervised_N_2.bin,KNN,100,2,76,LR,0.6712749615975423,0.675890177724091,0.6712749615975423,0.6725160535583743,,0.6712749615975423,0.6712749615975423,0.6712749615975423,
models/ft_unsupervised_N_2.bin,KNN,100,2,76,SVM,0.6943164362519201,0.6920706574623166,0.6943164362519201,0.6915883239738697,,0.6943164362519201,0.6943164362519201,0.6943164362519201,
models/ft_unsupervised_N_2.bin,KNN,100,2,76,KNN,0.6651305683563749,0.6647780132967755,0.6651305683563749,0.6524813132582873,,0.6651305683563749,0.6651305683563749,0.6651305683563749,
models/ft_unsupervised_N_2.bin,KNN,100,5,151,LR,0.7096774193548387,0.7091184971188259,0.7096774193548387,0.7093558771202273,,0.7096774193548387,0.7096774193548387,0.7096774193548389,
models/ft_unsupervised_N_2.bin,KNN,100,5,151,SVM,0.7373271889400922,0.736070785980502,0.7373271889400922,0.7349829316559383,,0.7373271889400922,0.7373271889400922,0.7373271889400922,
models/ft_unsupervised_N_2.bin,KNN,100,5,151,KNN,0.6973886328725039,0.7157323721131789,0.6973886328725039,0.6982002739332102,,0.6973886328725039,0.6973886328725039,0.6973886328725039,
models/ft_unsupervised_N_3.bin,LR,10,1,283,LR,0.7311827956989247,0.7308648398658804,0.7311827956989247,0.7310081975017559,,0.7311827956989247,0.7311827956989247,0.7311827956989246,
models/ft_unsupervised_N_3.bin,LR,10,1,283,SVM,0.7419354838709677,0.7448224907679343,0.7419354838709677,0.7357161933874989,,0.7419354838709677,0.7419354838709677,0.7419354838709677,
models/ft_unsupervised_N_3.bin,LR,10,1,283,KNN,0.6067588325652842,0.6021743604990224,0.6067588325652842,0.6028048923882717,,0.6067588325652842,0.6067588325652842,0.6067588325652842,
models/ft_unsupervised_N_3.bin,LR,10,2,540,LR,0.7204301075268817,0.7187670546625728,0.7204301075268817,0.718237541342391,,0.7204301075268817,0.7204301075268817,0.7204301075268817,
models/ft_unsupervised_N_3.bin,LR,10,2,540,SVM,0.7557603686635944,0.7557030039964052,0.7557603686635944,0.7526142810303994,,0.7557603686635944,0.7557603686635944,0.7557603686635945,
models/ft_unsupervised_N_3.bin,LR,10,2,540,KNN,0.6697388632872504,0.6678308216496607,0.6697388632872504,0.6683250063924282,,0.6697388632872504,0.6697388632872504,0.6697388632872504,
models/ft_unsupervised_N_3.bin,LR,10,5,1311,LR,0.7450076804915514,0.744617604491912,0.7450076804915514,0.7447843044704188,,0.7450076804915514,0.7450076804915514,0.7450076804915513,
models/ft_unsupervised_N_3.bin,LR,10,5,1311,SVM,0.7588325652841782,0.7577896210821684,0.7588325652841782,0.7575054149872249,,0.7588325652841782,0.7588325652841782,0.7588325652841783,
models/ft_unsupervised_N_3.bin,LR,10,5,1311,KNN,0.6866359447004609,0.6962822024747619,0.6866359447004609,0.6880360314253138,,0.6866359447004609,0.6866359447004609,0.6866359447004609,
models/ft_unsupervised_N_3.bin,LR,20,1,154,LR,0.717357910906298,0.7169171718381957,0.717357910906298,0.7171103133888979,,0.717357910906298,0.717357910906298,0.7173579109062981,
models/ft_unsupervised_N_3.bin,LR,20,1,154,SVM,0.6897081413210445,0.71163503509322,0.6897081413210445,0.6901182006030308,,0.6897081413210445,0.6897081413210445,0.6897081413210445,
models/ft_unsupervised_N_3.bin,LR,20,1,154,KNN,0.6098310291858678,0.6262326383294126,0.6098310291858678,0.6109273406841698,,0.6098310291858678,0.6098310291858678,0.6098310291858678,
models/ft_unsupervised_N_3.bin,LR,20,2,282,LR,0.7465437788018433,0.7559388755008761,0.7465437788018433,0.7476788268143743,,0.7465437788018433,0.7465437788018433,0.7465437788018433,
models/ft_unsupervised_N_3.bin,LR,20,2,282,SVM,0.7434715821812596,0.7459425654990172,0.7434715821812596,0.7442003195612236,,0.7434715821812596,0.7434715821812596,0.7434715821812596,
models/ft_unsupervised_N_3.bin,LR,20,2,282,KNN,0.642089093701997,0.6542431823425544,0.642089093701997,0.64357905932237,,0.642089093701997,0.642089093701997,0.642089093701997,
models/ft_unsupervised_N_3.bin,LR,20,5,666,LR,0.7357910906298003,0.7365318983720743,0.7357910906298003,0.7360988404379538,,0.7357910906298003,0.7357910906298003,0.7357910906298003,
models/ft_unsupervised_N_3.bin,LR,20,5,666,SVM,0.7480798771121352,0.7469657724489972,0.7480798771121352,0.746104158132704,,0.7480798771121352,0.7480798771121352,0.7480798771121352,
models/ft_unsupervised_N_3.bin,LR,20,5,666,KNN,0.6666666666666666,0.6771525679758308,0.6666666666666666,0.6681361975769314,,0.6666666666666666,0.6666666666666666,0.6666666666666666,
models/ft_unsupervised_N_3.bin,LR,30,1,111,LR,0.7035330261136713,0.708688732208992,0.7035330261136713,0.7047190717045132,,0.7035330261136713,0.7035330261136713,0.7035330261136713,
models/ft_unsupervised_N_3.bin,LR,30,1,111,SVM,0.7096774193548387,0.7270446399478658,0.7096774193548387,0.6915463588609975,,0.7096774193548387,0.7096774193548387,0.7096774193548389,
models/ft_unsupervised_N_3.bin,LR,30,1,111,KNN,0.6451612903225806,0.6711612903225807,0.6451612903225806,0.6446940502248849,,0.6451612903225806,0.6451612903225806,0.6451612903225806,
models/ft_unsupervised_N_3.bin,LR,30,2,196,LR,0.728110599078341,0.7290087976859944,0.728110599078341,0.7284753755511241,,0.728110599078341,0.728110599078341,0.728110599078341,
models/ft_unsupervised_N_3.bin,LR,30,2,196,SVM,0.706605222734255,0.7058055572260141,0.706605222734255,0.7009283070638742,,0.706605222734255,0.706605222734255,0.706605222734255,
models/ft_unsupervised_N_3.bin,LR,30,2,196,KNN,0.6251920122887865,0.6498991182062034,0.6251920122887865,0.624785166043725,,0.6251920122887865,0.6251920122887865,0.6251920122887865,
models/ft_unsupervised_N_3.bin,LR,30,5,451,LR,0.7496159754224271,0.7507446909591905,0.7496159754224271,0.7500367617089643,,0.7496159754224271,0.7496159754224271,0.7496159754224271,
models/ft_unsupervised_N_3.bin,LR,30,5,451,SVM,0.7526881720430108,0.7527938982748452,0.7526881720430108,0.7527392492808064,,0.7526881720430108,0.7526881720430108,0.7526881720430108,
models/ft_unsupervised_N_3.bin,LR,30,5,451,KNN,0.6344086021505376,0.6526228491040109,0.6344086021505376,0.6352388012968041,,0.6344086021505376,0.6344086021505376,0.6344086021505376,
models/ft_unsupervised_N_3.bin,LR,40,1,90,LR,0.7235023041474654,0.7274560876243905,0.7235023041474654,0.7244980941685429,,0.7235023041474654,0.7235023041474654,0.7235023041474654,
models/ft_unsupervised_N_3.bin,LR,40,1,90,SVM,0.7235023041474654,0.7503296103227225,0.7235023041474654,0.7234448907514414,,0.7235023041474654,0.7235023041474654,0.7235023041474654,
models/ft_unsupervised_N_3.bin,LR,40,1,90,KNN,0.6774193548387096,0.6829091547903995,0.6774193548387096,0.6787309950240513,,0.6774193548387096,0.6774193548387096,0.6774193548387096,
models/ft_unsupervised_N_3.bin,LR,40,2,154,LR,0.7296466973886329,0.7313063474237622,0.7296466973886329,0.7302285528091979,,0.7296466973886329,0.7296466973886329,0.7296466973886329,
models/ft_unsupervised_N_3.bin,LR,40,2,154,SVM,0.7403993855606759,0.7421841088859967,0.7403993855606759,0.7409963754395754,,0.7403993855606759,0.7403993855606759,0.7403993855606759,
models/ft_unsupervised_N_3.bin,LR,40,2,154,KNN,0.6390168970814132,0.6591537094595279,0.6390168970814132,0.6395553001971301,,0.6390168970814132,0.6390168970814132,0.6390168970814132,
models/ft_unsupervised_N_3.bin,LR,40,5,346,LR,0.7419354838709677,0.7413688639551193,0.7419354838709677,0.7415886229621922,,0.7419354838709677,0.7419354838709677,0.7419354838709677,
models/ft_unsupervised_N_3.bin,LR,40,5,346,SVM,0.728110599078341,0.726957688690769,0.728110599078341,0.7248353290749604,,0.728110599078341,0.728110599078341,0.728110599078341,
models/ft_unsupervised_N_3.bin,LR,40,5,346,KNN,0.6236559139784946,0.6380744163022852,0.6236559139784946,0.6250004287355729,,0.6236559139784946,0.6236559139784946,0.6236559139784946,
models/ft_unsupervised_N_3.bin,LR,50,1,77,LR,0.6897081413210445,0.688582829505962,0.6897081413210445,0.6889818167227931,,0.6897081413210445,0.6897081413210445,0.6897081413210445,
models/ft_unsupervised_N_3.bin,LR,50,1,77,SVM,0.6098310291858678,0.6346300774606805,0.6098310291858678,0.5415307496877252,,0.6098310291858678,0.6098310291858678,0.6098310291858678,
models/ft_unsupervised_N_3.bin,LR,50,1,77,KNN,0.6082949308755761,0.6322341253216829,0.6082949308755761,0.5390337705362688,,0.6082949308755761,0.6082949308755761,0.6082949308755761,
models/ft_unsupervised_N_3.bin,LR,50,2,128,LR,0.7250384024577573,0.7484285936448694,0.7250384024577573,0.7253537454813801,,0.7250384024577573,0.7250384024577573,0.7250384024577573,
models/ft_unsupervised_N_3.bin,LR,50,2,128,SVM,0.7096774193548387,0.7236306877305836,0.7096774193548386,0.7108112104394188,,0.7096774193548387,0.7096774193548387,0.7096774193548389,
models/ft_unsupervised_N_3.bin,LR,50,2,128,KNN,0.6436251920122887,0.6755429617692702,0.6436251920122887,0.6419301729699517,,0.6436251920122887,0.6436251920122887,0.6436251920122887,
models/ft_unsupervised_N_3.bin,LR,50,5,281,LR,0.7342549923195084,0.7430347329298449,0.7342549923195084,0.7354468180327852,,0.7342549923195084,0.7342549923195084,0.7342549923195084,
models/ft_unsupervised_N_3.bin,LR,50,5,281,SVM,0.7526881720430108,0.7523991212856976,0.7526881720430108,0.7525275417016154,,0.7526881720430108,0.7526881720430108,0.7526881720430108,
models/ft_unsupervised_N_3.bin,LR,50,5,281,KNN,0.6620583717357911,0.6962257616317682,0.6620583717357911,0.6602479701558043,,0.6620583717357911,0.6620583717357911,0.6620583717357911,
models/ft_unsupervised_N_3.bin,LR,100,1,51,LR,0.7250384024577573,0.7535065731776027,0.7250384024577573,0.7248022307633714,,0.7250384024577573,0.7250384024577573,0.7250384024577573,
models/ft_unsupervised_N_3.bin,LR,100,1,51,SVM,0.6804915514592934,0.7284239127646644,0.6804915514592934,0.6765192678955163,,0.6804915514592934,0.6804915514592934,0.6804915514592934,
models/ft_unsupervised_N_3.bin,LR,100,1,51,KNN,0.5591397849462365,0.7214781959798767,0.5591397849462365,0.506106184403322,,0.5591397849462365,0.5591397849462365,0.5591397849462365,
models/ft_unsupervised_N_3.bin,LR,100,2,76,LR,0.6651305683563749,0.6618639863012107,0.6651305683563749,0.6597802667678916,,0.6651305683563749,0.6651305683563749,0.6651305683563749,
models/ft_unsupervised_N_3.bin,LR,100,2,76,SVM,0.6789554531490015,0.6787989199765528,0.6789554531490015,0.6687410428048778,,0.6789554531490015,0.6789554531490015,0.6789554531490015,
models/ft_unsupervised_N_3.bin,LR,100,2,76,KNN,0.6221198156682027,0.6194182930775054,0.6221198156682027,0.5974801136091459,,0.6221198156682027,0.6221198156682027,0.6221198156682027,
models/ft_unsupervised_N_3.bin,LR,100,5,151,LR,0.7188940092165899,0.717999358552354,0.7188940092165899,0.7183081810365137,,0.7188940092165899,0.7188940092165899,0.71889400921659,
models/ft_unsupervised_N_3.bin,LR,100,5,151,SVM,0.7096774193548387,0.7100587269336748,0.7096774193548387,0.7098529734474436,,0.7096774193548387,0.7096774193548387,0.7096774193548389,
models/ft_unsupervised_N_3.bin,LR,100,5,151,KNN,0.6943164362519201,0.698614203923247,0.6943164362519201,0.6954446696753647,,0.6943164362519201,0.6943164362519201,0.6943164362519201,
models/ft_unsupervised_N_3.bin,SVM,10,1,283,LR,0.7204301075268817,0.7187670546625728,0.7204301075268817,0.718237541342391,,0.7204301075268817,0.7204301075268817,0.7204301075268817,
models/ft_unsupervised_N_3.bin,SVM,10,1,283,SVM,0.738863287250384,0.7376856468779827,0.738863287250384,0.7378217537681013,,0.738863287250384,0.738863287250384,0.7388632872503841,
models/ft_unsupervised_N_3.bin,SVM,10,1,283,KNN,0.6712749615975423,0.6852283124556353,0.6712749615975423,0.6725336943007512,,0.6712749615975423,0.6712749615975423,0.6712749615975423,
models/ft_unsupervised_N_3.bin,SVM,10,2,540,LR,0.7496159754224271,0.7485702905210653,0.7496159754224271,0.7486892934252097,,0.7496159754224271,0.7496159754224271,0.7496159754224271,
models/ft_unsupervised_N_3.bin,SVM,10,2,540,SVM,0.7588325652841782,0.7580160972601722,0.7588325652841782,0.7582048965791328,,0.7588325652841782,0.7588325652841782,0.7588325652841783,
models/ft_unsupervised_N_3.bin,SVM,10,2,540,KNN,0.6513056835637481,0.6534267776074252,0.6513056835637481,0.6521075575430982,,0.6513056835637481,0.6513056835637481,0.6513056835637481,
models/ft_unsupervised_N_3.bin,SVM,10,5,1311,LR,0.7204301075268817,0.7191922975872762,0.7204301075268817,0.719474324577276,,0.7204301075268817,0.7204301075268817,0.7204301075268817,
models/ft_unsupervised_N_3.bin,SVM,10,5,1311,SVM,0.7757296466973886,0.7748852797614988,0.7757296466973886,0.7747027677903254,,0.7757296466973886,0.7757296466973886,0.7757296466973888,
models/ft_unsupervised_N_3.bin,SVM,10,5,1311,KNN,0.663594470046083,0.668461790241341,0.663594470046083,0.6648914135529412,,0.663594470046083,0.663594470046083,0.663594470046083,
models/ft_unsupervised_N_3.bin,SVM,20,1,154,LR,0.6973886328725039,0.6956319946657828,0.6973886328725039,0.6924131152979917,,0.6973886328725039,0.6973886328725039,0.6973886328725039,
models/ft_unsupervised_N_3.bin,SVM,20,1,154,SVM,0.7204301075268817,0.7191922975872762,0.7204301075268817,0.719474324577276,,0.7204301075268817,0.7204301075268817,0.7204301075268817,
models/ft_unsupervised_N_3.bin,SVM,20,1,154,KNN,0.6697388632872504,0.6932210738280433,0.6697388632872504,0.6698713427367066,,0.6697388632872504,0.6697388632872504,0.6697388632872504,
models/ft_unsupervised_N_3.bin,SVM,20,2,282,LR,0.7342549923195084,0.7356527445726855,0.7342549923195084,0.7285675070811524,,0.7342549923195084,0.7342549923195084,0.7342549923195084,
models/ft_unsupervised_N_3.bin,SVM,20,2,282,SVM,0.7434715821812596,0.7433785877871307,0.7434715821812596,0.7397219142575255,,0.7434715821812596,0.7434715821812596,0.7434715821812596,
models/ft_unsupervised_N_3.bin,SVM,20,2,282,KNN,0.6897081413210445,0.7107753865319546,0.6897081413210445,0.6902222187419654,,0.6897081413210445,0.6897081413210445,0.6897081413210445,
models/ft_unsupervised_N_3.bin,SVM,20,5,666,LR,0.7327188940092166,0.7313107484875492,0.7327188940092166,0.7311629120414415,,0.7327188940092166,0.7327188940092166,0.7327188940092166,
models/ft_unsupervised_N_3.bin,SVM,20,5,666,SVM,0.7496159754224271,0.748745852847808,0.7496159754224271,0.7489643193783355,,0.7496159754224271,0.7496159754224271,0.7496159754224271,
models/ft_unsupervised_N_3.bin,SVM,20,5,666,KNN,0.6236559139784946,0.6241374191692876,0.6236559139784946,0.6238834840985379,,0.6236559139784946,0.6236559139784946,0.6236559139784946,
models/ft_unsupervised_N_3.bin,SVM,30,1,111,LR,0.7235023041474654,0.7224121178401086,0.7235023041474654,0.7227088759767581,,0.7235023041474654,0.7235023041474654,0.7235023041474654,
models/ft_unsupervised_N_3.bin,SVM,30,1,111,SVM,0.7250384024577573,0.7235013509700804,0.7250384024577573,0.7233486984206481,,0.7250384024577573,0.7250384024577573,0.7250384024577573,
models/ft_unsupervised_N_3.bin,SVM,30,1,111,KNN,0.7219662058371735,0.7205223166654235,0.7219662058371735,0.718842941963466,,0.7219662058371735,0.7219662058371735,0.7219662058371735,
models/ft_unsupervised_N_3.bin,SVM,30,2,196,LR,0.7311827956989247,0.7340839291455518,0.7311827956989247,0.732011352198821,,0.7311827956989247,0.7311827956989247,0.7311827956989246,
models/ft_unsupervised_N_3.bin,SVM,30,2,196,SVM,0.7327188940092166,0.740623700167901,0.7327188940092166,0.7339107773449124,,0.7327188940092166,0.7327188940092166,0.7327188940092166,
models/ft_unsupervised_N_3.bin,SVM,30,2,196,KNN,0.6912442396313364,0.7086919532080822,0.6912442396313364,0.6921497779589856,,0.6912442396313364,0.6912442396313364,0.6912442396313364,
models/ft_unsupervised_N_3.bin,SVM,30,5,451,LR,0.7357910906298003,0.7349579988589375,0.7357910906298003,0.732498783923427,,0.7357910906298003,0.7357910906298003,0.7357910906298003,
models/ft_unsupervised_N_3.bin,SVM,30,5,451,SVM,0.7603686635944701,0.7593909364949869,0.7603686635944701,0.7594129034577869,,0.7603686635944701,0.7603686635944701,0.7603686635944701,
models/ft_unsupervised_N_3.bin,SVM,30,5,451,KNN,0.6221198156682027,0.6221198156682027,0.6221198156682027,0.6221198156682027,,0.6221198156682027,0.6221198156682027,0.6221198156682027,
models/ft_unsupervised_N_3.bin,SVM,40,1,90,LR,0.695852534562212,0.700809492276714,0.695852534562212,0.6970479371433482,,0.695852534562212,0.695852534562212,0.695852534562212,
models/ft_unsupervised_N_3.bin,SVM,40,1,90,SVM,0.6989247311827957,0.7017755720981527,0.6989247311827957,0.6998170934486199,,0.6989247311827957,0.6989247311827957,0.6989247311827957,
models/ft_unsupervised_N_3.bin,SVM,40,1,90,KNN,0.6605222734254992,0.6796774009142827,0.6605222734254992,0.6612434463411292,,0.6605222734254992,0.6605222734254992,0.6605222734254992,
models/ft_unsupervised_N_3.bin,SVM,40,2,154,LR,0.7096774193548387,0.7100587269336748,0.7096774193548387,0.7098529734474436,,0.7096774193548387,0.7096774193548387,0.7096774193548389,
models/ft_unsupervised_N_3.bin,SVM,40,2,154,SVM,0.7342549923195084,0.734146060388742,0.7342549923195084,0.7341987847309427,,0.7342549923195084,0.7342549923195084,0.7342549923195084,
models/ft_unsupervised_N_3.bin,SVM,40,2,154,KNN,0.631336405529954,0.6939441921784072,0.631336405529954,0.6214604188006461,,0.631336405529954,0.631336405529954,0.631336405529954,
models/ft_unsupervised_N_3.bin,SVM,40,5,346,LR,0.7311827956989247,0.7303444123720622,0.7311827956989247,0.7306225774939339,,0.7311827956989247,0.7311827956989247,0.7311827956989246,
models/ft_unsupervised_N_3.bin,SVM,40,5,346,SVM,0.7496159754224271,0.7485702905210653,0.7496159754224271,0.7486892934252097,,0.7496159754224271,0.7496159754224271,0.7496159754224271,
models/ft_unsupervised_N_3.bin,SVM,40,5,346,KNN,0.663594470046083,0.6791637601254227,0.663594470046083,0.664730875878672,,0.663594470046083,0.663594470046083,0.663594470046083,
models/ft_unsupervised_N_3.bin,SVM,50,1,77,LR,0.6682027649769585,0.666030602174713,0.6682027649769585,0.6664808233277139,,0.6682027649769585,0.6682027649769585,0.6682027649769585,
models/ft_unsupervised_N_3.bin,SVM,50,1,77,SVM,0.642089093701997,0.6416513882694944,0.642089093701997,0.6418566286737664,,0.642089093701997,0.642089093701997,0.642089093701997,
models/ft_unsupervised_N_3.bin,SVM,50,1,77,KNN,0.5975422427035331,0.5983540609030921,0.5975422427035331,0.541477119548171,,0.5975422427035331,0.5975422427035331,0.5975422427035331,
models/ft_unsupervised_N_3.bin,SVM,50,2,128,LR,0.6943164362519201,0.7014737510636567,0.6943164362519201,0.6956587416177606,,0.6943164362519201,0.6943164362519201,0.6943164362519201,
models/ft_unsupervised_N_3.bin,SVM,50,2,128,SVM,0.7019969278033794,0.7141759929778363,0.7019969278033794,0.7032532003356341,,0.7019969278033794,0.7019969278033794,0.7019969278033794,
models/ft_unsupervised_N_3.bin,SVM,50,2,128,KNN,0.6682027649769585,0.6920666563772387,0.6682027649769585,0.668270095232296,,0.6682027649769585,0.6682027649769585,0.6682027649769585,
models/ft_unsupervised_N_3.bin,SVM,50,5,281,LR,0.7035330261136713,0.7039214906647899,0.7035330261136713,0.7037122956368075,,0.7035330261136713,0.7035330261136713,0.7035330261136713,
models/ft_unsupervised_N_3.bin,SVM,50,5,281,SVM,0.7465437788018433,0.7466520124917431,0.7465437788018433,0.7465961250393357,,0.7465437788018433,0.7465437788018433,0.7465437788018433,
models/ft_unsupervised_N_3.bin,SVM,50,5,281,KNN,0.6789554531490015,0.6824852277059901,0.6789554531490015,0.6800163019895779,,0.6789554531490015,0.6789554531490015,0.6789554531490015,
models/ft_unsupervised_N_3.bin,SVM,100,1,51,LR,0.6697388632872504,0.6704670792846582,0.6697388632872504,0.6700635205233296,,0.6697388632872504,0.6697388632872504,0.6697388632872504,
models/ft_unsupervised_N_3.bin,SVM,100,1,51,SVM,0.6666666666666666,0.6709483793517408,0.6666666666666666,0.6487485919231417,,0.6666666666666666,0.6666666666666666,0.6666666666666666,
models/ft_unsupervised_N_3.bin,SVM,100,1,51,KNN,0.6881720430107527,0.7258875787649203,0.6881720430107527,0.686209234392596,,0.6881720430107527,0.6881720430107527,0.6881720430107527,
models/ft_unsupervised_N_3.bin,SVM,100,2,76,LR,0.6774193548387096,0.675362039944826,0.6774193548387096,0.6757452449019442,,0.6774193548387096,0.6774193548387096,0.6774193548387096,
models/ft_unsupervised_N_3.bin,SVM,100,2,76,SVM,0.6589861751152074,0.6578662943376571,0.6589861751152074,0.6461048235933018,,0.6589861751152074,0.6589861751152074,0.6589861751152074,
models/ft_unsupervised_N_3.bin,SVM,100,2,76,KNN,0.6620583717357911,0.7176980779683206,0.6620583717357911,0.6557858559156315,,0.6620583717357911,0.6620583717357911,0.6620583717357911,
models/ft_unsupervised_N_3.bin,SVM,100,5,151,LR,0.6820276497695853,0.6821622117691704,0.6820276497695853,0.6820933205038939,,0.6820276497695853,0.6820276497695853,0.6820276497695853,
models/ft_unsupervised_N_3.bin,SVM,100,5,151,SVM,0.685099846390169,0.6849698756598078,0.685099846390169,0.6850332420222155,,0.685099846390169,0.685099846390169,0.685099846390169,
models/ft_unsupervised_N_3.bin,SVM,100,5,151,KNN,0.6697388632872504,0.6693383215235452,0.6697388632872504,0.6695243569307288,,0.6697388632872504,0.6697388632872504,0.6697388632872504,
models/ft_unsupervised_N_3.bin,KNN,10,1,283,LR,0.6989247311827957,0.6968057668745136,0.6989247311827957,0.6954210770559444,,0.6989247311827957,0.6989247311827957,0.6989247311827957,
models/ft_unsupervised_N_3.bin,KNN,10,1,283,SVM,0.7204301075268817,0.7233142104768175,0.7204301075268817,0.7123991024856484,,0.7204301075268817,0.7204301075268817,0.7204301075268817,
models/ft_unsupervised_N_3.bin,KNN,10,1,283,KNN,0.6866359447004609,0.7007331984832109,0.6866359447004609,0.6878358581184731,,0.6866359447004609,0.6866359447004609,0.6866359447004609,
models/ft_unsupervised_N_3.bin,KNN,10,2,540,LR,0.7327188940092166,0.7314841355588384,0.7327188940092166,0.7316528538567625,,0.7327188940092166,0.7327188940092166,0.7327188940092166,
models/ft_unsupervised_N_3.bin,KNN,10,2,540,SVM,0.7496159754224271,0.748740888307339,0.7496159754224271,0.7471940938507473,,0.7496159754224271,0.7496159754224271,0.7496159754224271,
models/ft_unsupervised_N_3.bin,KNN,10,2,540,KNN,0.7112135176651305,0.7197100777548642,0.7112135176651305,0.7125075847804071,,0.7112135176651305,0.7112135176651305,0.7112135176651304,
models/ft_unsupervised_N_3.bin,KNN,10,5,1311,LR,0.7342549923195084,0.7328822305000532,0.7342549923195084,0.7320764201282128,,0.7342549923195084,0.7342549923195084,0.7342549923195084,
models/ft_unsupervised_N_3.bin,KNN,10,5,1311,SVM,0.7588325652841782,0.7578961203249628,0.7588325652841782,0.7570255927204184,,0.7588325652841782,0.7588325652841782,0.7588325652841783,
models/ft_unsupervised_N_3.bin,KNN,10,5,1311,KNN,0.6820276497695853,0.6877341575650584,0.6820276497695853,0.6833398578211227,,0.6820276497695853,0.6820276497695853,0.6820276497695853,
models/ft_unsupervised_N_3.bin,KNN,20,1,154,LR,0.6881720430107527,0.6880433872053664,0.6881720430107527,0.6881060884415108,,0.6881720430107527,0.6881720430107527,0.6881720430107527,
models/ft_unsupervised_N_3.bin,KNN,20,1,154,SVM,0.7050691244239631,0.7031973369569218,0.7050691244239631,0.7031596856844505,,0.7050691244239631,0.7050691244239631,0.7050691244239631,
models/ft_unsupervised_N_3.bin,KNN,20,1,154,KNN,0.6774193548387096,0.67522735494025,0.6774193548387096,0.675541445567257,,0.6774193548387096,0.6774193548387096,0.6774193548387096,
models/ft_unsupervised_N_3.bin,KNN,20,2,282,LR,0.7019969278033794,0.7001533076279385,0.7019969278033794,0.7002620973335613,,0.7019969278033794,0.7019969278033794,0.7019969278033794,
models/ft_unsupervised_N_3.bin,KNN,20,2,282,SVM,0.7235023041474654,0.7219635162296659,0.7235023041474654,0.7218926676290773,,0.7235023041474654,0.7235023041474654,0.7235023041474654,
models/ft_unsupervised_N_3.bin,KNN,20,2,282,KNN,0.674347158218126,0.6714605669416712,0.674347158218126,0.6694412601259211,,0.674347158218126,0.674347158218126,0.674347158218126,
models/ft_unsupervised_N_3.bin,KNN,20,5,666,LR,0.7327188940092166,0.731350666565504,0.7327188940092166,0.7313317743473251,,0.7327188940092166,0.7327188940092166,0.7327188940092166,
models/ft_unsupervised_N_3.bin,KNN,20,5,666,SVM,0.7665130568356375,0.7663099088748184,0.7665130568356375,0.7639832035931061,,0.7665130568356375,0.7665130568356375,0.7665130568356376,
models/ft_unsupervised_N_3.bin,KNN,20,5,666,KNN,0.706605222734255,0.7054847122567757,0.706605222734255,0.7058416257746138,,0.706605222734255,0.706605222734255,0.706605222734255,
models/ft_unsupervised_N_3.bin,KNN,30,1,111,LR,0.7112135176651305,0.7136382382026835,0.7112135176651305,0.7119969292706623,,0.7112135176651305,0.7112135176651305,0.7112135176651304,
models/ft_unsupervised_N_3.bin,KNN,30,1,111,SVM,0.7342549923195084,0.737536966790593,0.7342549923195084,0.7351331112162534,,0.7342549923195084,0.7342549923195084,0.7342549923195084,
models/ft_unsupervised_N_3.bin,KNN,30,1,111,KNN,0.6866359447004609,0.7272799581961098,0.6866359447004609,0.6841436128439551,,0.6866359447004609,0.6866359447004609,0.6866359447004609,
models/ft_unsupervised_N_3.bin,KNN,30,2,196,LR,0.6927803379416283,0.7018529303666845,0.6927803379416283,0.6941578870481959,,0.6927803379416283,0.6927803379416283,0.6927803379416283,
models/ft_unsupervised_N_3.bin,KNN,30,2,196,SVM,0.7235023041474654,0.7325812758387467,0.7235023041474654,0.7247420983433762,,0.7235023041474654,0.7235023041474654,0.7235023041474654,
models/ft_unsupervised_N_3.bin,KNN,30,2,196,KNN,0.6989247311827957,0.7038690757733422,0.6989247311827957,0.7001080589903852,,0.6989247311827957,0.6989247311827957,0.6989247311827957,
models/ft_unsupervised_N_3.bin,KNN,30,5,451,LR,0.7250384024577573,0.7236057954384032,0.7250384024577573,0.7221671938224954,,0.7250384024577573,0.7250384024577573,0.7250384024577573,
models/ft_unsupervised_N_3.bin,KNN,30,5,451,SVM,0.7465437788018433,0.7458358331414563,0.7465437788018433,0.7436966045523308,,0.7465437788018433,0.7465437788018433,0.7465437788018433,
models/ft_unsupervised_N_3.bin,KNN,30,5,451,KNN,0.6835637480798771,0.6824065484564751,0.6835637480798771,0.6828230408163137,,0.6835637480798771,0.6835637480798771,0.6835637480798771,
models/ft_unsupervised_N_3.bin,KNN,40,1,90,LR,0.6789554531490015,0.6856424962806075,0.6789554531490015,0.6803430219876986,,0.6789554531490015,0.6789554531490015,0.6789554531490015,
models/ft_unsupervised_N_3.bin,KNN,40,1,90,SVM,0.7188940092165899,0.7211070322059934,0.7188940092165899,0.7196192412784652,,0.7188940092165899,0.7188940092165899,0.71889400921659,
models/ft_unsupervised_N_3.bin,KNN,40,1,90,KNN,0.6728110599078341,0.6899507660797982,0.6728110599078341,0.6737706602251936,,0.6728110599078341,0.6728110599078341,0.6728110599078341,
models/ft_unsupervised_N_3.bin,KNN,40,2,154,LR,0.7019969278033794,0.7006762290888445,0.7019969278033794,0.6966716553403722,,0.7019969278033794,0.7019969278033794,0.7019969278033794,
models/ft_unsupervised_N_3.bin,KNN,40,2,154,SVM,0.7081413210445469,0.7082779207171094,0.7081413210445469,0.7014276993408853,,0.7081413210445469,0.7081413210445469,0.7081413210445467,
models/ft_unsupervised_N_3.bin,KNN,40,2,154,KNN,0.6682027649769585,0.6667545589059433,0.6682027649769585,0.6672506511721098,,0.6682027649769585,0.6682027649769585,0.6682027649769585,
models/ft_unsupervised_N_3.bin,KNN,40,5,346,LR,0.7219662058371735,0.7209351196107159,0.7219662058371735,0.7212425877759431,,0.7219662058371735,0.7219662058371735,0.7219662058371735,
models/ft_unsupervised_N_3.bin,KNN,40,5,346,SVM,0.7526881720430108,0.7516687809592848,0.7526881720430108,0.7517728603770476,,0.7526881720430108,0.7526881720430108,0.7526881720430108,
models/ft_unsupervised_N_3.bin,KNN,40,5,346,KNN,0.685099846390169,0.6874502793037512,0.685099846390169,0.6859122648201387,,0.685099846390169,0.685099846390169,0.685099846390169,
models/ft_unsupervised_N_3.bin,KNN,50,1,77,LR,0.7050691244239631,0.7223509959122434,0.7050691244239631,0.7059690174223673,,0.7050691244239631,0.7050691244239631,0.7050691244239631,
models/ft_unsupervised_N_3.bin,KNN,50,1,77,SVM,0.7035330261136713,0.7272185613767586,0.7035330261136713,0.7037652831197716,,0.7035330261136713,0.7035330261136713,0.7035330261136713,
models/ft_unsupervised_N_3.bin,KNN,50,1,77,KNN,0.5791090629800307,0.7186858474531724,0.5791090629800307,0.5387147018961304,,0.5791090629800307,0.5791090629800307,0.5791090629800307,
models/ft_unsupervised_N_3.bin,KNN,50,2,128,LR,0.6758832565284179,0.6754909733577787,0.6758832565284179,0.6756727409878314,,0.6758832565284179,0.6758832565284179,0.6758832565284179,
models/ft_unsupervised_N_3.bin,KNN,50,2,128,SVM,0.7081413210445469,0.7083929258950026,0.7081413210445469,0.7082604253026472,,0.7081413210445469,0.7081413210445469,0.7081413210445467,
models/ft_unsupervised_N_3.bin,KNN,50,2,128,KNN,0.6973886328725039,0.724704218784817,0.6973886328725039,0.6971287120691851,,0.6973886328725039,0.6973886328725039,0.6973886328725039,
models/ft_unsupervised_N_3.bin,KNN,50,5,281,LR,0.7403993855606759,0.7402930834798588,0.7403993855606759,0.7403444775695337,,0.7403993855606759,0.7403993855606759,0.7403993855606759,
models/ft_unsupervised_N_3.bin,KNN,50,5,281,SVM,0.7403993855606759,0.7412675722684053,0.7403993855606759,0.7407476749612427,,0.7403993855606759,0.7403993855606759,0.7403993855606759,
models/ft_unsupervised_N_3.bin,KNN,50,5,281,KNN,0.685099846390169,0.7202743092553939,0.685099846390169,0.6835082433265838,,0.685099846390169,0.685099846390169,0.685099846390169,
models/ft_unsupervised_N_3.bin,KNN,100,1,51,LR,0.6666666666666666,0.6955222722334318,0.6666666666666666,0.6659035499090161,,0.6666666666666666,0.6666666666666666,0.6666666666666666,
models/ft_unsupervised_N_3.bin,KNN,100,1,51,SVM,0.6267281105990783,0.718474525971344,0.6267281105990783,0.6087742555896714,,0.6267281105990783,0.6267281105990783,0.6267281105990783,
models/ft_unsupervised_N_3.bin,KNN,100,1,51,KNN,0.6236559139784946,0.6840229204591302,0.6236559139784946,0.6137824080537622,,0.6236559139784946,0.6236559139784946,0.6236559139784946,
models/ft_unsupervised_N_3.bin,KNN,100,2,76,LR,0.6912442396313364,0.6939387751098831,0.6912442396313364,0.6921213427054248,,0.6912442396313364,0.6912442396313364,0.6912442396313364,
models/ft_unsupervised_N_3.bin,KNN,100,2,76,SVM,0.7035330261136713,0.7020929339477726,0.7035330261136713,0.7024357891476409,,0.7035330261136713,0.7035330261136713,0.7035330261136713,
models/ft_unsupervised_N_3.bin,KNN,100,2,76,KNN,0.6697388632872504,0.6689075588522394,0.6697388632872504,0.6588086444911746,,0.6697388632872504,0.6697388632872504,0.6697388632872504,
models/ft_unsupervised_N_3.bin,KNN,100,5,151,LR,0.6881720430107527,0.6894828732956435,0.6881720430107527,0.688696089735704,,0.6881720430107527,0.6881720430107527,0.6881720430107527,
models/ft_unsupervised_N_3.bin,KNN,100,5,151,SVM,0.738863287250384,0.7376856468779827,0.738863287250384,0.7378217537681013,,0.738863287250384,0.738863287250384,0.7388632872503841,
models/ft_unsupervised_N_3.bin,KNN,100,5,151,KNN,0.663594470046083,0.7040739165910109,0.663594470046083,0.6605644275932898,,0.663594470046083,0.663594470046083,0.663594470046083,
