26,27,28,29,30,31,32,33,34,35,36,37,38,39,40,41,42,43,44,45,46,47,48,49,50,51,52,53,54,55,56,57,58,59,60,61,62,63,64,65,66,67,68,69,70,71,72,73,74,75,76,77,78,79,80,81,82,83,84,85,86,87,88,89,90,91,92,93,94,95,96,97,98,99,100,101,102,103,104,105,106,107,108,109,110,111,112,113,114,115,116,117,118,119,120,121,122,123,124,125,126,127,128,129,130,131,132,133,134,135,136,137,138,139,140,141,142,143,144,145,146,147,148,149,150,151,152,153,154.0,155.0,156.0,157.0,158.0,159.0,160.0,161.0,162.0,163.0,164.0,165.0,166.0,167.0,168.0,169.0,170.0,171.0,172.0,173.0,174.0,175.0,176.0,177.0,178.0,179.0,180.0,181.0,182.0,183.0,184.0,185.0,186.0,187.0,188.0,189.0,190.0,191.0,192.0,193.0,194.0,195.0,196.0,197.0,198.0,199.0,200.0,201.0,202.0,203.0,204.0,205.0,206.0,207.0,208.0,209.0,210.0,211.0,212.0,213.0,214.0,215.0,216.0,217.0,218.0,219.0,220.0,221.0,222.0,223.0,224.0,225.0,226.0,227.0,228.0,229.0,230.0,231.0,232.0,233.0,234.0,235.0,236.0,237.0,238.0,239.0,240.0,241.0,242.0,243.0,244.0,245.0,246.0,247.0,248.0,249.0,250.0,251.0,252.0,253.0,254.0,255.0,256.0,257.0,258.0,259.0,260.0,261.0,262.0,263.0,264.0,265.0,266.0,267.0,268.0,269.0,270.0,271.0,272.0,273.0,274.0,275.0,276.0,277.0,278.0,279.0,280.0,281.0,282.0
26,28,30,32,34,36,38,40,42,44,46,48,50,52,54,56,58,60,62,64,66,68,70,72,74,76,78,80,82,84,86,88,90,92,94,96,98,100,102,104,106,108,110,112,114,116,118,120,122,124,126,128,130,132,134,136,138,140,142,144,146,148,150,152,154,156,158,160,162,164,166,168,170,172,174,176,178,180,182,184,186,188,190,192,194,196,198,200,202,204,206,208,210,212,214,216,218,220,222,224,226,228,230,232,234,236,238,240,242,244,246,248,250,252,254,256,258,260,262,264,266,268,270,272,274,276,278,280,282.0,284.0,286.0,288.0,290.0,292.0,294.0,296.0,298.0,300.0,302.0,304.0,306.0,308.0,310.0,312.0,314.0,316.0,318.0,320.0,322.0,324.0,326.0,328.0,330.0,332.0,334.0,336.0,338.0,340.0,342.0,344.0,346.0,348.0,350.0,352.0,354.0,356.0,358.0,360.0,362.0,364.0,366.0,368.0,370.0,372.0,374.0,376.0,378.0,380.0,382.0,384.0,386.0,388.0,390.0,392.0,394.0,396.0,398.0,400.0,402.0,404.0,406.0,408.0,410.0,412.0,414.0,416.0,418.0,420.0,422.0,424.0,426.0,428.0,430.0,432.0,434.0,436.0,438.0,440.0,442.0,444.0,446.0,448.0,450.0,452.0,454.0,456.0,458.0,460.0,462.0,464.0,466.0,468.0,470.0,472.0,474.0,476.0,478.0,480.0,482.0,484.0,486.0,488.0,490.0,492.0,494.0,496.0,498.0,500.0,502.0,504.0,506.0,508.0,510.0,512.0,514.0,516.0,518.0,520.0,522.0,524.0,526.0,528.0,530.0,532.0,534.0,536.0,538.0
26,31,36,41,46,51,56,61,66,71,76,81,86,91,96,101,106,111,116,121,126,131,136,141,146,151,156,161,166,171,176,181,186,191,196,201,206,211,216,221,226,231,236,241,246,251,256,261,266,271,276,281,286,291,296,301,306,311,316,321,326,331,336,341,346,351,356,361,366,371,376,381,386,391,396,401,406,411,416,421,426,431,436,441,446,451,456,461,466,471,476,481,486,491,496,501,506,511,516,521,526,531,536,541,546,551,556,561,566,571,576,581,586,591,596,601,606,611,616,621,626,631,636,641,646,651,656,661,666.0,671.0,676.0,681.0,686.0,691.0,696.0,701.0,706.0,711.0,716.0,721.0,726.0,731.0,736.0,741.0,746.0,751.0,756.0,761.0,766.0,771.0,776.0,781.0,786.0,791.0,796.0,801.0,806.0,811.0,816.0,821.0,826.0,831.0,836.0,841.0,846.0,851.0,856.0,861.0,866.0,871.0,876.0,881.0,886.0,891.0,896.0,901.0,906.0,911.0,916.0,921.0,926.0,931.0,936.0,941.0,946.0,951.0,956.0,961.0,966.0,971.0,976.0,981.0,986.0,991.0,996.0,1001.0,1006.0,1011.0,1016.0,1021.0,1026.0,1031.0,1036.0,1041.0,1046.0,1051.0,1056.0,1061.0,1066.0,1071.0,1076.0,1081.0,1086.0,1091.0,1096.0,1101.0,1106.0,1111.0,1116.0,1121.0,1126.0,1131.0,1136.0,1141.0,1146.0,1151.0,1156.0,1161.0,1166.0,1171.0,1176.0,1181.0,1186.0,1191.0,1196.0,1201.0,1206.0,1211.0,1216.0,1221.0,1226.0,1231.0,1236.0,1241.0,1246.0,1251.0,1256.0,1261.0,1266.0,1271.0,1276.0,1281.0,1286.0,1291.0,1296.0,1301.0,1306.0
26,27,28,29,30,31,32,33,34,35,36,37,38,39,40,41,42,43,44,45,46,47,48,49,50,51,52,53,54,55,56,57,58,59,60,61,62,63,64,65,66,67,68,69,70,71,72,73,74,75,76,77,78,79,80,81,82,83,84,85,86,87,88,89,90,91,92,93,94,95,96,97,98,99,100,101,102,103,104,105,106,107,108,109,110,111,112,113,114,115,116,117,118,119,120,121,122,123,124,125,126,127,128,129,130,131,132,133,134,135,136,137,138,139,140,141,142,143,144,145,146,147,148,149,150,151,152,153,,,,,,,,,,,,,,,,,,,,,,,,,,,,,,,,,,,,,,,,,,,,,,,,,,,,,,,,,,,,,,,,,,,,,,,,,,,,,,,,,,,,,,,,,,,,,,,,,,,,,,,,,,,,,,,,,,,,,,,,,,,,,,,,,
26,28,30,32,34,36,38,40,42,44,46,48,50,52,54,56,58,60,62,64,66,68,70,72,74,76,78,80,82,84,86,88,90,92,94,96,98,100,102,104,106,108,110,112,114,116,118,120,122,124,126,128,130,132,134,136,138,140,142,144,146,148,150,152,154,156,158,160,162,164,166,168,170,172,174,176,178,180,182,184,186,188,190,192,194,196,198,200,202,204,206,208,210,212,214,216,218,220,222,224,226,228,230,232,234,236,238,240,242,244,246,248,250,252,254,256,258,260,262,264,266,268,270,272,274,276,278,280,,,,,,,,,,,,,,,,,,,,,,,,,,,,,,,,,,,,,,,,,,,,,,,,,,,,,,,,,,,,,,,,,,,,,,,,,,,,,,,,,,,,,,,,,,,,,,,,,,,,,,,,,,,,,,,,,,,,,,,,,,,,,,,,,
26,31,36,41,46,51,56,61,66,71,76,81,86,91,96,101,106,111,116,121,126,131,136,141,146,151,156,161,166,171,176,181,186,191,196,201,206,211,216,221,226,231,236,241,246,251,256,261,266,271,276,281,286,291,296,301,306,311,316,321,326,331,336,341,346,351,356,361,366,371,376,381,386,391,396,401,406,411,416,421,426,431,436,441,446,451,456,461,466,471,476,481,486,491,496,501,506,511,516,521,526,531,536,541,546,551,556,561,566,571,576,581,586,591,596,601,606,611,616,621,626,631,636,641,646,651,656,661,,,,,,,,,,,,,,,,,,,,,,,,,,,,,,,,,,,,,,,,,,,,,,,,,,,,,,,,,,,,,,,,,,,,,,,,,,,,,,,,,,,,,,,,,,,,,,,,,,,,,,,,,,,,,,,,,,,,,,,,,,,,,,,,,
26,27,28,29,30,31,32,33,34,35,36,37,38,39,40,41,42,43,44,45,46,47,48,49,50,51,52,53,54,55,56,57,58,59,60,61,62,63,64,65,66,67,68,69,70,71,72,73,74,75,76,77,78,79,80,81,82,83,84,85,86,87,88,89,90,91,92,93,94,95,96,97,98,99,100,101,102,103,104,105,106,107,108,109,110,111,112,113,114,115,116,117,118,119,120,121,122,123,124,125,126,127,128,129,130,131,132,133,134,135,136,137,138,139,140,141,142,143,144,145,146,147,148,149,150,151,152,153,154.0,155.0,156.0,157.0,158.0,159.0,160.0,161.0,162.0,163.0,164.0,165.0,166.0,167.0,168.0,169.0,170.0,171.0,172.0,173.0,174.0,175.0,176.0,177.0,178.0,179.0,180.0,181.0,182.0,183.0,184.0,185.0,186.0,187.0,188.0,189.0,190.0,191.0,192.0,193.0,194.0,195.0,196.0,197.0,198.0,199.0,200.0,201.0,202.0,203.0,204.0,205.0,206.0,207.0,208.0,209.0,210.0,211.0,212.0,213.0,214.0,215.0,216.0,217.0,218.0,219.0,220.0,221.0,222.0,223.0,224.0,225.0,226.0,227.0,228.0,229.0,230.0,231.0,232.0,233.0,234.0,235.0,236.0,237.0,238.0,239.0,240.0,241.0,242.0,243.0,244.0,245.0,246.0,247.0,248.0,249.0,250.0,251.0,252.0,253.0,254.0,255.0,256.0,257.0,258.0,259.0,260.0,261.0,262.0,263.0,264.0,265.0,266.0,267.0,268.0,269.0,270.0,271.0,272.0,273.0,274.0,275.0,276.0,277.0,278.0,279.0,280.0,281.0,282.0
26,28,30,32,34,36,38,40,42,44,46,48,50,52,54,56,58,60,62,64,66,68,70,72,74,76,78,80,82,84,86,88,90,92,94,96,98,100,102,104,106,108,110,112,114,116,118,120,122,124,126,128,130,132,134,136,138,140,142,144,146,148,150,152,154,156,158,160,162,164,166,168,170,172,174,176,178,180,182,184,186,188,190,192,194,196,198,200,202,204,206,208,210,212,214,216,218,220,222,224,226,228,230,232,234,236,238,240,242,244,246,248,250,252,254,256,258,260,262,264,266,268,270,272,274,276,278,280,282.0,284.0,286.0,288.0,290.0,292.0,294.0,296.0,298.0,300.0,302.0,304.0,306.0,308.0,310.0,312.0,314.0,316.0,318.0,320.0,322.0,324.0,326.0,328.0,330.0,332.0,334.0,336.0,338.0,340.0,342.0,344.0,346.0,348.0,350.0,352.0,354.0,356.0,358.0,360.0,362.0,364.0,366.0,368.0,370.0,372.0,374.0,376.0,378.0,380.0,382.0,384.0,386.0,388.0,390.0,392.0,394.0,396.0,398.0,400.0,402.0,404.0,406.0,408.0,410.0,412.0,414.0,416.0,418.0,420.0,422.0,424.0,426.0,428.0,430.0,432.0,434.0,436.0,438.0,440.0,442.0,444.0,446.0,448.0,450.0,452.0,454.0,456.0,458.0,460.0,462.0,464.0,466.0,468.0,470.0,472.0,474.0,476.0,478.0,480.0,482.0,484.0,486.0,488.0,490.0,492.0,494.0,496.0,498.0,500.0,502.0,504.0,506.0,508.0,510.0,512.0,514.0,516.0,518.0,520.0,522.0,524.0,526.0,528.0,530.0,532.0,534.0,536.0,538.0
26,31,36,41,46,51,56,61,66,71,76,81,86,91,96,101,106,111,116,121,126,131,136,141,146,151,156,161,166,171,176,181,186,191,196,201,206,211,216,221,226,231,236,241,246,251,256,261,266,271,276,281,286,291,296,301,306,311,316,321,326,331,336,341,346,351,356,361,366,371,376,381,386,391,396,401,406,411,416,421,426,431,436,441,446,451,456,461,466,471,476,481,486,491,496,501,506,511,516,521,526,531,536,541,546,551,556,561,566,571,576,581,586,591,596,601,606,611,616,621,626,631,636,641,646,651,656,661,666.0,671.0,676.0,681.0,686.0,691.0,696.0,701.0,706.0,711.0,716.0,721.0,726.0,731.0,736.0,741.0,746.0,751.0,756.0,761.0,766.0,771.0,776.0,781.0,786.0,791.0,796.0,801.0,806.0,811.0,816.0,821.0,826.0,831.0,836.0,841.0,846.0,851.0,856.0,861.0,866.0,871.0,876.0,881.0,886.0,891.0,896.0,901.0,906.0,911.0,916.0,921.0,926.0,931.0,936.0,941.0,946.0,951.0,956.0,961.0,966.0,971.0,976.0,981.0,986.0,991.0,996.0,1001.0,1006.0,1011.0,1016.0,1021.0,1026.0,1031.0,1036.0,1041.0,1046.0,1051.0,1056.0,1061.0,1066.0,1071.0,1076.0,1081.0,1086.0,1091.0,1096.0,1101.0,1106.0,1111.0,1116.0,1121.0,1126.0,1131.0,1136.0,1141.0,1146.0,1151.0,1156.0,1161.0,1166.0,1171.0,1176.0,1181.0,1186.0,1191.0,1196.0,1201.0,1206.0,1211.0,1216.0,1221.0,1226.0,1231.0,1236.0,1241.0,1246.0,1251.0,1256.0,1261.0,1266.0,1271.0,1276.0,1281.0,1286.0,1291.0,1296.0,1301.0,1306.0
26,27,28,29,30,31,32,33,34,35,36,37,38,39,40,41,42,43,44,45,46,47,48,49,50,51,52,53,54,55,56,57,58,59,60,61,62,63,64,65,66,67,68,69,70,71,72,73,74,75,76,77,78,79,80,81,82,83,84,85,86,87,88,89,90,91,92,93,94,95,96,97,98,99,100,101,102,103,104,105,106,107,108,109,110,111,112,113,114,115,116,117,118,119,120,121,122,123,124,125,126,127,128,129,130,131,132,133,134,135,136,137,138,139,140,141,142,143,144,145,146,147,148,149,150,151,152,153,,,,,,,,,,,,,,,,,,,,,,,,,,,,,,,,,,,,,,,,,,,,,,,,,,,,,,,,,,,,,,,,,,,,,,,,,,,,,,,,,,,,,,,,,,,,,,,,,,,,,,,,,,,,,,,,,,,,,,,,,,,,,,,,,
26,28,30,32,34,36,38,40,42,44,46,48,50,52,54,56,58,60,62,64,66,68,70,72,74,76,78,80,82,84,86,88,90,92,94,96,98,100,102,104,106,108,110,112,114,116,118,120,122,124,126,128,130,132,134,136,138,140,142,144,146,148,150,152,154,156,158,160,162,164,166,168,170,172,174,176,178,180,182,184,186,188,190,192,194,196,198,200,202,204,206,208,210,212,214,216,218,220,222,224,226,228,230,232,234,236,238,240,242,244,246,248,250,252,254,256,258,260,262,264,266,268,270,272,274,276,278,280,,,,,,,,,,,,,,,,,,,,,,,,,,,,,,,,,,,,,,,,,,,,,,,,,,,,,,,,,,,,,,,,,,,,,,,,,,,,,,,,,,,,,,,,,,,,,,,,,,,,,,,,,,,,,,,,,,,,,,,,,,,,,,,,,
26,31,36,41,46,51,56,61,66,71,76,81,86,91,96,101,106,111,116,121,126,131,136,141,146,151,156,161,166,171,176,181,186,191,196,201,206,211,216,221,226,231,236,241,246,251,256,261,266,271,276,281,286,291,296,301,306,311,316,321,326,331,336,341,346,351,356,361,366,371,376,381,386,391,396,401,406,411,416,421,426,431,436,441,446,451,456,461,466,471,476,481,486,491,496,501,506,511,516,521,526,531,536,541,546,551,556,561,566,571,576,581,586,591,596,601,606,611,616,621,626,631,636,641,646,651,656,661,,,,,,,,,,,,,,,,,,,,,,,,,,,,,,,,,,,,,,,,,,,,,,,,,,,,,,,,,,,,,,,,,,,,,,,,,,,,,,,,,,,,,,,,,,,,,,,,,,,,,,,,,,,,,,,,,,,,,,,,,,,,,,,,,
26,27,28,29,30,31,32,33,34,35,36,37,38,39,40,41,42,43,44,45,46,47,48,49,50,51,52,53,54,55,56,57,58,59,60,61,62,63,64,65,66,67,68,69,70,71,72,73,74,75,76,77,78,79,80,81,82,83,84,85,86,87,88,89,90,91,92,93,94,95,96,97,98,99,100,101,102,103,104,105,106,107,108,109,110,111,112,113,114,115,116,117,118,119,120,121,122,123,124,125,126,127,128,129,130,131,132,133,134,135,136,137,138,139,140,141,142,143,144,145,146,147,148,149,150,151,152,153,154.0,155.0,156.0,157.0,158.0,159.0,160.0,161.0,162.0,163.0,164.0,165.0,166.0,167.0,168.0,169.0,170.0,171.0,172.0,173.0,174.0,175.0,176.0,177.0,178.0,179.0,180.0,181.0,182.0,183.0,184.0,185.0,186.0,187.0,188.0,189.0,190.0,191.0,192.0,193.0,194.0,195.0,196.0,197.0,198.0,199.0,200.0,201.0,202.0,203.0,204.0,205.0,206.0,207.0,208.0,209.0,210.0,211.0,212.0,213.0,214.0,215.0,216.0,217.0,218.0,219.0,220.0,221.0,222.0,223.0,224.0,225.0,226.0,227.0,228.0,229.0,230.0,231.0,232.0,233.0,234.0,235.0,236.0,237.0,238.0,239.0,240.0,241.0,242.0,243.0,244.0,245.0,246.0,247.0,248.0,249.0,250.0,251.0,252.0,253.0,254.0,255.0,256.0,257.0,258.0,259.0,260.0,261.0,262.0,263.0,264.0,265.0,266.0,267.0,268.0,269.0,270.0,271.0,272.0,273.0,274.0,275.0,276.0,277.0,278.0,279.0,280.0,281.0,282.0
26,28,30,32,34,36,38,40,42,44,46,48,50,52,54,56,58,60,62,64,66,68,70,72,74,76,78,80,82,84,86,88,90,92,94,96,98,100,102,104,106,108,110,112,114,116,118,120,122,124,126,128,130,132,134,136,138,140,142,144,146,148,150,152,154,156,158,160,162,164,166,168,170,172,174,176,178,180,182,184,186,188,190,192,194,196,198,200,202,204,206,208,210,212,214,216,218,220,222,224,226,228,230,232,234,236,238,240,242,244,246,248,250,252,254,256,258,260,262,264,266,268,270,272,274,276,278,280,282.0,284.0,286.0,288.0,290.0,292.0,294.0,296.0,298.0,300.0,302.0,304.0,306.0,308.0,310.0,312.0,314.0,316.0,318.0,320.0,322.0,324.0,326.0,328.0,330.0,332.0,334.0,336.0,338.0,340.0,342.0,344.0,346.0,348.0,350.0,352.0,354.0,356.0,358.0,360.0,362.0,364.0,366.0,368.0,370.0,372.0,374.0,376.0,378.0,380.0,382.0,384.0,386.0,388.0,390.0,392.0,394.0,396.0,398.0,400.0,402.0,404.0,406.0,408.0,410.0,412.0,414.0,416.0,418.0,420.0,422.0,424.0,426.0,428.0,430.0,432.0,434.0,436.0,438.0,440.0,442.0,444.0,446.0,448.0,450.0,452.0,454.0,456.0,458.0,460.0,462.0,464.0,466.0,468.0,470.0,472.0,474.0,476.0,478.0,480.0,482.0,484.0,486.0,488.0,490.0,492.0,494.0,496.0,498.0,500.0,502.0,504.0,506.0,508.0,510.0,512.0,514.0,516.0,518.0,520.0,522.0,524.0,526.0,528.0,530.0,532.0,534.0,536.0,538.0
26,31,36,41,46,51,56,61,66,71,76,81,86,91,96,101,106,111,116,121,126,131,136,141,146,151,156,161,166,171,176,181,186,191,196,201,206,211,216,221,226,231,236,241,246,251,256,261,266,271,276,281,286,291,296,301,306,311,316,321,326,331,336,341,346,351,356,361,366,371,376,381,386,391,396,401,406,411,416,421,426,431,436,441,446,451,456,461,466,471,476,481,486,491,496,501,506,511,516,521,526,531,536,541,546,551,556,561,566,571,576,581,586,591,596,601,606,611,616,621,626,631,636,641,646,651,656,661,666.0,671.0,676.0,681.0,686.0,691.0,696.0,701.0,706.0,711.0,716.0,721.0,726.0,731.0,736.0,741.0,746.0,751.0,756.0,761.0,766.0,771.0,776.0,781.0,786.0,791.0,796.0,801.0,806.0,811.0,816.0,821.0,826.0,831.0,836.0,841.0,846.0,851.0,856.0,861.0,866.0,871.0,876.0,881.0,886.0,891.0,896.0,901.0,906.0,911.0,916.0,921.0,926.0,931.0,936.0,941.0,946.0,951.0,956.0,961.0,966.0,971.0,976.0,981.0,986.0,991.0,996.0,1001.0,1006.0,1011.0,1016.0,1021.0,1026.0,1031.0,1036.0,1041.0,1046.0,1051.0,1056.0,1061.0,1066.0,1071.0,1076.0,1081.0,1086.0,1091.0,1096.0,1101.0,1106.0,1111.0,1116.0,1121.0,1126.0,1131.0,1136.0,1141.0,1146.0,1151.0,1156.0,1161.0,1166.0,1171.0,1176.0,1181.0,1186.0,1191.0,1196.0,1201.0,1206.0,1211.0,1216.0,1221.0,1226.0,1231.0,1236.0,1241.0,1246.0,1251.0,1256.0,1261.0,1266.0,1271.0,1276.0,1281.0,1286.0,1291.0,1296.0,1301.0,1306.0
26,27,28,29,30,31,32,33,34,35,36,37,38,39,40,41,42,43,44,45,46,47,48,49,50,51,52,53,54,55,56,57,58,59,60,61,62,63,64,65,66,67,68,69,70,71,72,73,74,75,76,77,78,79,80,81,82,83,84,85,86,87,88,89,90,91,92,93,94,95,96,97,98,99,100,101,102,103,104,105,106,107,108,109,110,111,112,113,114,115,116,117,118,119,120,121,122,123,124,125,126,127,128,129,130,131,132,133,134,135,136,137,138,139,140,141,142,143,144,145,146,147,148,149,150,151,152,153,,,,,,,,,,,,,,,,,,,,,,,,,,,,,,,,,,,,,,,,,,,,,,,,,,,,,,,,,,,,,,,,,,,,,,,,,,,,,,,,,,,,,,,,,,,,,,,,,,,,,,,,,,,,,,,,,,,,,,,,,,,,,,,,,
26,28,30,32,34,36,38,40,42,44,46,48,50,52,54,56,58,60,62,64,66,68,70,72,74,76,78,80,82,84,86,88,90,92,94,96,98,100,102,104,106,108,110,112,114,116,118,120,122,124,126,128,130,132,134,136,138,140,142,144,146,148,150,152,154,156,158,160,162,164,166,168,170,172,174,176,178,180,182,184,186,188,190,192,194,196,198,200,202,204,206,208,210,212,214,216,218,220,222,224,226,228,230,232,234,236,238,240,242,244,246,248,250,252,254,256,258,260,262,264,266,268,270,272,274,276,278,280,,,,,,,,,,,,,,,,,,,,,,,,,,,,,,,,,,,,,,,,,,,,,,,,,,,,,,,,,,,,,,,,,,,,,,,,,,,,,,,,,,,,,,,,,,,,,,,,,,,,,,,,,,,,,,,,,,,,,,,,,,,,,,,,,
26,31,36,41,46,51,56,61,66,71,76,81,86,91,96,101,106,111,116,121,126,131,136,141,146,151,156,161,166,171,176,181,186,191,196,201,206,211,216,221,226,231,236,241,246,251,256,261,266,271,276,281,286,291,296,301,306,311,316,321,326,331,336,341,346,351,356,361,366,371,376,381,386,391,396,401,406,411,416,421,426,431,436,441,446,451,456,461,466,471,476,481,486,491,496,501,506,511,516,521,526,531,536,541,546,551,556,561,566,571,576,581,586,591,596,601,606,611,616,621,626,631,636,641,646,651,656,661,,,,,,,,,,,,,,,,,,,,,,,,,,,,,,,,,,,,,,,,,,,,,,,,,,,,,,,,,,,,,,,,,,,,,,,,,,,,,,,,,,,,,,,,,,,,,,,,,,,,,,,,,,,,,,,,,,,,,,,,,,,,,,,,,
26,27,28,29,30,31,32,33,34,35,36,37,38,39,40,41,42,43,44,45,46,47,48,49,50,51,52,53,54,55,56,57,58,59,60,61,62,63,64,65,66,67,68,69,70,71,72,73,74,75,76,77,78,79,80,81,82,83,84,85,86,87,88,89,90,91,92,93,94,95,96,97,98,99,100,101,102,103,104,105,106,107,108,109,110,111,112,113,114,115,116,117,118,119,120,121,122,123,124,125,126,127,128,129,130,131,132,133,134,135,136,137,138,139,140,141,142,143,144,145,146,147,148,149,150,151,152,153,154.0,155.0,156.0,157.0,158.0,159.0,160.0,161.0,162.0,163.0,164.0,165.0,166.0,167.0,168.0,169.0,170.0,171.0,172.0,173.0,174.0,175.0,176.0,177.0,178.0,179.0,180.0,181.0,182.0,183.0,184.0,185.0,186.0,187.0,188.0,189.0,190.0,191.0,192.0,193.0,194.0,195.0,196.0,197.0,198.0,199.0,200.0,201.0,202.0,203.0,204.0,205.0,206.0,207.0,208.0,209.0,210.0,211.0,212.0,213.0,214.0,215.0,216.0,217.0,218.0,219.0,220.0,221.0,222.0,223.0,224.0,225.0,226.0,227.0,228.0,229.0,230.0,231.0,232.0,233.0,234.0,235.0,236.0,237.0,238.0,239.0,240.0,241.0,242.0,243.0,244.0,245.0,246.0,247.0,248.0,249.0,250.0,251.0,252.0,253.0,254.0,255.0,256.0,257.0,258.0,259.0,260.0,261.0,262.0,263.0,264.0,265.0,266.0,267.0,268.0,269.0,270.0,271.0,272.0,273.0,274.0,275.0,276.0,277.0,278.0,279.0,280.0,281.0,282.0
26,28,30,32,34,36,38,40,42,44,46,48,50,52,54,56,58,60,62,64,66,68,70,72,74,76,78,80,82,84,86,88,90,92,94,96,98,100,102,104,106,108,110,112,114,116,118,120,122,124,126,128,130,132,134,136,138,140,142,144,146,148,150,152,154,156,158,160,162,164,166,168,170,172,174,176,178,180,182,184,186,188,190,192,194,196,198,200,202,204,206,208,210,212,214,216,218,220,222,224,226,228,230,232,234,236,238,240,242,244,246,248,250,252,254,256,258,260,262,264,266,268,270,272,274,276,278,280,282.0,284.0,286.0,288.0,290.0,292.0,294.0,296.0,298.0,300.0,302.0,304.0,306.0,308.0,310.0,312.0,314.0,316.0,318.0,320.0,322.0,324.0,326.0,328.0,330.0,332.0,334.0,336.0,338.0,340.0,342.0,344.0,346.0,348.0,350.0,352.0,354.0,356.0,358.0,360.0,362.0,364.0,366.0,368.0,370.0,372.0,374.0,376.0,378.0,380.0,382.0,384.0,386.0,388.0,390.0,392.0,394.0,396.0,398.0,400.0,402.0,404.0,406.0,408.0,410.0,412.0,414.0,416.0,418.0,420.0,422.0,424.0,426.0,428.0,430.0,432.0,434.0,436.0,438.0,440.0,442.0,444.0,446.0,448.0,450.0,452.0,454.0,456.0,458.0,460.0,462.0,464.0,466.0,468.0,470.0,472.0,474.0,476.0,478.0,480.0,482.0,484.0,486.0,488.0,490.0,492.0,494.0,496.0,498.0,500.0,502.0,504.0,506.0,508.0,510.0,512.0,514.0,516.0,518.0,520.0,522.0,524.0,526.0,528.0,530.0,532.0,534.0,536.0,538.0
26,31,36,41,46,51,56,61,66,71,76,81,86,91,96,101,106,111,116,121,126,131,136,141,146,151,156,161,166,171,176,181,186,191,196,201,206,211,216,221,226,231,236,241,246,251,256,261,266,271,276,281,286,291,296,301,306,311,316,321,326,331,336,341,346,351,356,361,366,371,376,381,386,391,396,401,406,411,416,421,426,431,436,441,446,451,456,461,466,471,476,481,486,491,496,501,506,511,516,521,526,531,536,541,546,551,556,561,566,571,576,581,586,591,596,601,606,611,616,621,626,631,636,641,646,651,656,661,666.0,671.0,676.0,681.0,686.0,691.0,696.0,701.0,706.0,711.0,716.0,721.0,726.0,731.0,736.0,741.0,746.0,751.0,756.0,761.0,766.0,771.0,776.0,781.0,786.0,791.0,796.0,801.0,806.0,811.0,816.0,821.0,826.0,831.0,836.0,841.0,846.0,851.0,856.0,861.0,866.0,871.0,876.0,881.0,886.0,891.0,896.0,901.0,906.0,911.0,916.0,921.0,926.0,931.0,936.0,941.0,946.0,951.0,956.0,961.0,966.0,971.0,976.0,981.0,986.0,991.0,996.0,1001.0,1006.0,1011.0,1016.0,1021.0,1026.0,1031.0,1036.0,1041.0,1046.0,1051.0,1056.0,1061.0,1066.0,1071.0,1076.0,1081.0,1086.0,1091.0,1096.0,1101.0,1106.0,1111.0,1116.0,1121.0,1126.0,1131.0,1136.0,1141.0,1146.0,1151.0,1156.0,1161.0,1166.0,1171.0,1176.0,1181.0,1186.0,1191.0,1196.0,1201.0,1206.0,1211.0,1216.0,1221.0,1226.0,1231.0,1236.0,1241.0,1246.0,1251.0,1256.0,1261.0,1266.0,1271.0,1276.0,1281.0,1286.0,1291.0,1296.0,1301.0,1306.0
26,27,28,29,30,31,32,33,34,35,36,37,38,39,40,41,42,43,44,45,46,47,48,49,50,51,52,53,54,55,56,57,58,59,60,61,62,63,64,65,66,67,68,69,70,71,72,73,74,75,76,77,78,79,80,81,82,83,84,85,86,87,88,89,90,91,92,93,94,95,96,97,98,99,100,101,102,103,104,105,106,107,108,109,110,111,112,113,114,115,116,117,118,119,120,121,122,123,124,125,126,127,128,129,130,131,132,133,134,135,136,137,138,139,140,141,142,143,144,145,146,147,148,149,150,151,152,153,,,,,,,,,,,,,,,,,,,,,,,,,,,,,,,,,,,,,,,,,,,,,,,,,,,,,,,,,,,,,,,,,,,,,,,,,,,,,,,,,,,,,,,,,,,,,,,,,,,,,,,,,,,,,,,,,,,,,,,,,,,,,,,,,
26,28,30,32,34,36,38,40,42,44,46,48,50,52,54,56,58,60,62,64,66,68,70,72,74,76,78,80,82,84,86,88,90,92,94,96,98,100,102,104,106,108,110,112,114,116,118,120,122,124,126,128,130,132,134,136,138,140,142,144,146,148,150,152,154,156,158,160,162,164,166,168,170,172,174,176,178,180,182,184,186,188,190,192,194,196,198,200,202,204,206,208,210,212,214,216,218,220,222,224,226,228,230,232,234,236,238,240,242,244,246,248,250,252,254,256,258,260,262,264,266,268,270,272,274,276,278,280,,,,,,,,,,,,,,,,,,,,,,,,,,,,,,,,,,,,,,,,,,,,,,,,,,,,,,,,,,,,,,,,,,,,,,,,,,,,,,,,,,,,,,,,,,,,,,,,,,,,,,,,,,,,,,,,,,,,,,,,,,,,,,,,,
26,31,36,41,46,51,56,61,66,71,76,81,86,91,96,101,106,111,116,121,126,131,136,141,146,151,156,161,166,171,176,181,186,191,196,201,206,211,216,221,226,231,236,241,246,251,256,261,266,271,276,281,286,291,296,301,306,311,316,321,326,331,336,341,346,351,356,361,366,371,376,381,386,391,396,401,406,411,416,421,426,431,436,441,446,451,456,461,466,471,476,481,486,491,496,501,506,511,516,521,526,531,536,541,546,551,556,561,566,571,576,581,586,591,596,601,606,611,616,621,626,631,636,641,646,651,656,661,,,,,,,,,,,,,,,,,,,,,,,,,,,,,,,,,,,,,,,,,,,,,,,,,,,,,,,,,,,,,,,,,,,,,,,,,,,,,,,,,,,,,,,,,,,,,,,,,,,,,,,,,,,,,,,,,,,,,,,,,,,,,,,,,
