models/ft_unsupervised_N_2.bin,LR,10,1,318,LR,0.7576687116564417,0.7571416207442552,0.7576687116564417,0.7573403778747776,,0.7576687116564417,0.7576687116564417,0.7576687116564417,
models/ft_unsupervised_N_2.bin,LR,10,1,318,SVM,0.7392638036809815,0.7381312542495096,0.7392638036809815,0.7366273311971162,,0.7392638036809815,0.7392638036809815,0.7392638036809815,
models/ft_unsupervised_N_2.bin,LR,10,1,318,KNN,0.656441717791411,0.6862659723932328,0.656441717791411,0.655471579569813,,0.656441717791411,0.656441717791411,0.656441717791411,
models/ft_unsupervised_N_2.bin,LR,10,2,607,LR,0.7484662576687117,0.7477649287689143,0.7484662576687117,0.7480017626265116,,0.7484662576687117,0.7484662576687117,0.7484662576687117,
models/ft_unsupervised_N_2.bin,LR,10,2,607,SVM,0.7607361963190185,0.7598423983110568,0.7607361963190185,0.7588483483655342,,0.7607361963190185,0.7607361963190185,0.7607361963190185,
models/ft_unsupervised_N_2.bin,LR,10,2,607,KNN,0.6349693251533742,0.65934310593424,0.6349693251533742,0.6348147602945824,,0.6349693251533742,0.6349693251533742,0.6349693251533742,
models/ft_unsupervised_N_2.bin,LR,10,5,1474,LR,0.7361963190184049,0.7354457075472703,0.7361963190184049,0.7357091656814636,,0.7361963190184049,0.7361963190184049,0.7361963190184049,
models/ft_unsupervised_N_2.bin,LR,10,5,1474,SVM,0.7515337423312883,0.7517525800307313,0.7515337423312883,0.7516360535063652,,0.7515337423312883,0.7515337423312883,0.7515337423312883,
models/ft_unsupervised_N_2.bin,LR,10,5,1474,KNN,0.7055214723926381,0.7095766850305497,0.7055214723926381,0.7065958439447342,,0.7055214723926381,0.7055214723926381,0.7055214723926381,
models/ft_unsupervised_N_2.bin,LR,20,1,173,LR,0.696319018404908,0.6956145752342469,0.696319018404908,0.6959075621468731,,0.696319018404908,0.696319018404908,0.696319018404908,
models/ft_unsupervised_N_2.bin,LR,20,1,173,SVM,0.7147239263803681,0.7229479585360694,0.7147239263803681,0.7022730282032044,,0.7147239263803681,0.7147239263803681,0.7147239263803682,
models/ft_unsupervised_N_2.bin,LR,20,1,173,KNN,0.647239263803681,0.6643602435396914,0.647239263803681,0.6482856372855007,,0.647239263803681,0.647239263803681,0.647239263803681,
models/ft_unsupervised_N_2.bin,LR,20,2,317,LR,0.754601226993865,0.7576077682525495,0.754601226993865,0.7553949444864647,,0.754601226993865,0.754601226993865,0.754601226993865,
models/ft_unsupervised_N_2.bin,LR,20,2,317,SVM,0.7638036809815951,0.7644890896424639,0.7638036809815951,0.7640814394522607,,0.7638036809815951,0.7638036809815951,0.7638036809815951,
models/ft_unsupervised_N_2.bin,LR,20,2,317,KNN,0.6625766871165644,0.6927340406927983,0.6625766871165644,0.6616238727917807,,0.6625766871165644,0.6625766871165644,0.6625766871165644,
models/ft_unsupervised_N_2.bin,LR,20,5,749,LR,0.7331288343558282,0.7394272087183867,0.7331288343558282,0.7342893966174812,,0.7331288343558282,0.7331288343558282,0.7331288343558281,
models/ft_unsupervised_N_2.bin,LR,20,5,749,SVM,0.7638036809815951,0.7636142602697125,0.7638036809815951,0.7637017267139541,,0.7638036809815951,0.7638036809815951,0.7638036809815951,
models/ft_unsupervised_N_2.bin,LR,20,5,749,KNN,0.6380368098159509,0.6432637435001846,0.6380368098159509,0.6394794963847835,,0.6380368098159509,0.6380368098159509,0.6380368098159509,
models/ft_unsupervised_N_2.bin,LR,30,1,125,LR,0.7607361963190185,0.7616974077446244,0.7607361963190185,0.7611019172922019,,0.7607361963190185,0.7607361963190185,0.7607361963190185,
models/ft_unsupervised_N_2.bin,LR,30,1,125,SVM,0.7392638036809815,0.7422906386997116,0.7392638036809815,0.7326614072481373,,0.7392638036809815,0.7392638036809815,0.7392638036809815,
models/ft_unsupervised_N_2.bin,LR,30,1,125,KNN,0.6871165644171779,0.6930728004182314,0.6871165644171779,0.688445307631271,,0.6871165644171779,0.6871165644171779,0.6871165644171779,
models/ft_unsupervised_N_2.bin,LR,30,2,221,LR,0.7607361963190185,0.7686251687318638,0.7607361963190185,0.7618227301484117,,0.7607361963190185,0.7607361963190185,0.7607361963190185,
models/ft_unsupervised_N_2.bin,LR,30,2,221,SVM,0.745398773006135,0.7445523656669641,0.745398773006135,0.7447982695104574,,0.745398773006135,0.745398773006135,0.745398773006135,
models/ft_unsupervised_N_2.bin,LR,30,2,221,KNN,0.6441717791411042,0.6468962610254633,0.6441717791411042,0.6451479510558249,,0.6441717791411042,0.6441717791411042,0.6441717791411042,
models/ft_unsupervised_N_2.bin,LR,30,5,509,LR,0.745398773006135,0.7527411024465962,0.745398773006135,0.7465434435044936,,0.745398773006135,0.745398773006135,0.745398773006135,
models/ft_unsupervised_N_2.bin,LR,30,5,509,SVM,0.7607361963190185,0.7611783435981364,0.7607361963190185,0.7609285011214258,,0.7607361963190185,0.7607361963190185,0.7607361963190185,
models/ft_unsupervised_N_2.bin,LR,30,5,509,KNN,0.6411042944785276,0.6467673430863615,0.6411042944785276,0.6425850137074539,,0.6411042944785276,0.6411042944785276,0.6411042944785276,
models/ft_unsupervised_N_2.bin,LR,40,1,101,LR,0.696319018404908,0.715904390983663,0.696319018404908,0.6970594457372541,,0.696319018404908,0.696319018404908,0.696319018404908,
models/ft_unsupervised_N_2.bin,LR,40,1,101,SVM,0.7208588957055214,0.7262061738333843,0.7208588957055214,0.7220105662169085,,0.7208588957055214,0.7208588957055214,0.7208588957055214,
models/ft_unsupervised_N_2.bin,LR,40,1,101,KNN,0.6257668711656442,0.6749148904162753,0.6257668711656442,0.6193170198921732,,0.6257668711656442,0.6257668711656442,0.6257668711656442,
models/ft_unsupervised_N_2.bin,LR,40,2,173,LR,0.7484662576687117,0.7542005221417755,0.7484662576687117,0.7495344629976883,,0.7484662576687117,0.7484662576687117,0.7484662576687117,
models/ft_unsupervised_N_2.bin,LR,40,2,173,SVM,0.7331288343558282,0.7342051672168208,0.7331288343558282,0.7275321721700405,,0.7331288343558282,0.7331288343558282,0.7331288343558281,
models/ft_unsupervised_N_2.bin,LR,40,2,173,KNN,0.6871165644171779,0.6896586697819553,0.6871165644171779,0.6879749224801218,,0.6871165644171779,0.6871165644171779,0.6871165644171779,
models/ft_unsupervised_N_2.bin,LR,40,5,389,LR,0.7239263803680982,0.7270722208356791,0.7239263803680982,0.7248193125472728,,0.7239263803680982,0.7239263803680982,0.7239263803680982,
models/ft_unsupervised_N_2.bin,LR,40,5,389,SVM,0.7147239263803681,0.713034161281313,0.7147239263803681,0.7130523491119651,,0.7147239263803681,0.7147239263803681,0.7147239263803682,
models/ft_unsupervised_N_2.bin,LR,40,5,389,KNN,0.6533742331288344,0.6536719651061879,0.6533742331288344,0.6535169635335711,,0.6533742331288344,0.6533742331288344,0.6533742331288344,
models/ft_unsupervised_N_2.bin,LR,50,1,86,LR,0.7085889570552147,0.7106804450414431,0.7085889570552147,0.7093084081892926,,0.7085889570552147,0.7085889570552147,0.7085889570552146,
models/ft_unsupervised_N_2.bin,LR,50,1,86,SVM,0.7147239263803681,0.7259488405947802,0.7147239263803681,0.7005116038676216,,0.7147239263803681,0.7147239263803681,0.7147239263803682,
models/ft_unsupervised_N_2.bin,LR,50,1,86,KNN,0.696319018404908,0.6940950920245399,0.696319018404908,0.693704517031187,,0.696319018404908,0.696319018404908,0.696319018404908,
models/ft_unsupervised_N_2.bin,LR,50,2,143,LR,0.7024539877300614,0.7013832171551218,0.7024539877300614,0.701752194488125,,0.7024539877300614,0.7024539877300614,0.7024539877300614,
models/ft_unsupervised_N_2.bin,LR,50,2,143,SVM,0.7177914110429447,0.7232834821008114,0.7177914110429447,0.7074825778783728,,0.7177914110429447,0.7177914110429447,0.7177914110429446,
models/ft_unsupervised_N_2.bin,LR,50,2,143,KNN,0.6779141104294478,0.675284837861525,0.6779141104294478,0.6751411544270165,,0.6779141104294478,0.6779141104294478,0.6779141104294478,
models/ft_unsupervised_N_2.bin,LR,50,5,314,LR,0.7638036809815951,0.7640126568962992,0.7638036809815951,0.7639009397529645,,0.7638036809815951,0.7638036809815951,0.7638036809815951,
models/ft_unsupervised_N_2.bin,LR,50,5,314,SVM,0.7576687116564417,0.7602593335080722,0.7576687116564417,0.7525866850739448,,0.7576687116564417,0.7576687116564417,0.7576687116564417,
models/ft_unsupervised_N_2.bin,LR,50,5,314,KNN,0.6871165644171779,0.6930728004182314,0.6871165644171779,0.688445307631271,,0.6871165644171779,0.6871165644171779,0.6871165644171779,
models/ft_unsupervised_N_2.bin,LR,100,1,57,LR,0.6441717791411042,0.6579277205481544,0.6441717791411042,0.6455806012825139,,0.6441717791411042,0.6441717791411042,0.6441717791411042,
models/ft_unsupervised_N_2.bin,LR,100,1,57,SVM,0.6595092024539877,0.6831251244463312,0.6595092024539877,0.6596469686670622,,0.6595092024539877,0.6595092024539877,0.6595092024539877,
models/ft_unsupervised_N_2.bin,LR,100,1,57,KNN,0.48773006134969327,0.6776946672958942,0.48773006134969327,0.3870663841380474,,0.48773006134969327,0.48773006134969327,0.48773006134969327,
models/ft_unsupervised_N_2.bin,LR,100,2,85,LR,0.7269938650306749,0.7342194223507937,0.7269938650306749,0.7166469195159673,,0.7269938650306749,0.7269938650306749,0.7269938650306749,
models/ft_unsupervised_N_2.bin,LR,100,2,85,SVM,0.6993865030674846,0.7223366656075085,0.6993865030674846,0.6762122974553323,,0.6993865030674846,0.6993865030674846,0.6993865030674846,
models/ft_unsupervised_N_2.bin,LR,100,2,85,KNN,0.6748466257668712,0.7169819613588498,0.6748466257668712,0.6719023960058468,,0.6748466257668712,0.6748466257668712,0.6748466257668712,
models/ft_unsupervised_N_2.bin,LR,100,5,169,LR,0.6809815950920245,0.6786930219521964,0.6809815950920245,0.6789030574916933,,0.6809815950920245,0.6809815950920245,0.6809815950920245,
models/ft_unsupervised_N_2.bin,LR,100,5,169,SVM,0.6687116564417178,0.7064217320275168,0.6687116564417178,0.6290861917736867,,0.6687116564417178,0.6687116564417178,0.6687116564417178,
models/ft_unsupervised_N_2.bin,LR,100,5,169,KNN,0.6441717791411042,0.662510270807755,0.6441717791411042,0.605339920495117,,0.6441717791411042,0.6441717791411042,0.6441717791411042,
models/ft_unsupervised_N_2.bin,SVM,10,1,318,LR,0.7484662576687117,0.7489271598695314,0.7484662576687117,0.7486684242558579,,0.7484662576687117,0.7484662576687117,0.7484662576687117,
models/ft_unsupervised_N_2.bin,SVM,10,1,318,SVM,0.7576687116564417,0.757473872192851,0.7576687116564417,0.7575641092260049,,0.7576687116564417,0.7576687116564417,0.7576687116564417,
models/ft_unsupervised_N_2.bin,SVM,10,1,318,KNN,0.6809815950920245,0.6900899544582032,0.6809815950920245,0.6824411091193182,,0.6809815950920245,0.6809815950920245,0.6809815950920245,
models/ft_unsupervised_N_2.bin,SVM,10,2,607,LR,0.7055214723926381,0.7079854163918805,0.7055214723926381,0.7063293388048205,,0.7055214723926381,0.7055214723926381,0.7055214723926381,
models/ft_unsupervised_N_2.bin,SVM,10,2,607,SVM,0.7607361963190185,0.7611783435981364,0.7607361963190185,0.7609285011214258,,0.7607361963190185,0.7607361963190185,0.7607361963190185,
models/ft_unsupervised_N_2.bin,SVM,10,2,607,KNN,0.6595092024539877,0.6592276629630677,0.6595092024539877,0.6593622294188171,,0.6595092024539877,0.6595092024539877,0.6595092024539877,
models/ft_unsupervised_N_2.bin,SVM,10,5,1474,LR,0.7607361963190185,0.7616974077446244,0.7607361963190185,0.7611019172922019,,0.7607361963190185,0.7607361963190185,0.7607361963190185,
models/ft_unsupervised_N_2.bin,SVM,10,5,1474,SVM,0.7883435582822086,0.788532810627435,0.7883435582822086,0.7884307122461631,,0.7883435582822086,0.7883435582822086,0.7883435582822086,
models/ft_unsupervised_N_2.bin,SVM,10,5,1474,KNN,0.6595092024539877,0.6564745836985101,0.6595092024539877,0.6565777918228459,,0.6595092024539877,0.6595092024539877,0.6595092024539877,
models/ft_unsupervised_N_2.bin,SVM,20,1,173,LR,0.7331288343558282,0.7319754276928243,0.7331288343558282,0.732209876013557,,0.7331288343558282,0.7331288343558282,0.7331288343558281,
models/ft_unsupervised_N_2.bin,SVM,20,1,173,SVM,0.7239263803680982,0.7223402008363091,0.7239263803680982,0.7213451474134971,,0.7239263803680982,0.7239263803680982,0.7239263803680982,
models/ft_unsupervised_N_2.bin,SVM,20,1,173,KNN,0.6625766871165644,0.6642262580129699,0.6625766871165644,0.6463011373366779,,0.6625766871165644,0.6625766871165644,0.6625766871165644,
models/ft_unsupervised_N_2.bin,SVM,20,2,317,LR,0.7300613496932515,0.7331793303190532,0.7300613496932515,0.7309344389351112,,0.7300613496932515,0.7300613496932515,0.7300613496932515,
models/ft_unsupervised_N_2.bin,SVM,20,2,317,SVM,0.7576687116564417,0.7602767707752371,0.7576687116564417,0.7583953525815944,,0.7576687116564417,0.7576687116564417,0.7576687116564417,
models/ft_unsupervised_N_2.bin,SVM,20,2,317,KNN,0.6748466257668712,0.6735141437414985,0.6748466257668712,0.6654705822950521,,0.6748466257668712,0.6748466257668712,0.6748466257668712,
models/ft_unsupervised_N_2.bin,SVM,20,5,749,LR,0.7423312883435583,0.7419324079465471,0.7423312883435583,0.7421037007718186,,0.7423312883435583,0.7423312883435583,0.7423312883435583,
models/ft_unsupervised_N_2.bin,SVM,20,5,749,SVM,0.7668711656441718,0.7684057823012675,0.7668711656441718,0.7673781995101013,,0.7668711656441718,0.7668711656441718,0.7668711656441717,
models/ft_unsupervised_N_2.bin,SVM,20,5,749,KNN,0.656441717791411,0.6541524091059413,0.656441717791411,0.6448074119234323,,0.656441717791411,0.656441717791411,0.656441717791411,
models/ft_unsupervised_N_2.bin,SVM,30,1,125,LR,0.7239263803680982,0.723493512528975,0.7239263803680982,0.7236825365412343,,0.7239263803680982,0.7239263803680982,0.7239263803680982,
models/ft_unsupervised_N_2.bin,SVM,30,1,125,SVM,0.7239263803680982,0.7228257261855051,0.7239263803680982,0.7231282952049625,,0.7239263803680982,0.7239263803680982,0.7239263803680982,
models/ft_unsupervised_N_2.bin,SVM,30,1,125,KNN,0.7085889570552147,0.708660996467745,0.7085889570552147,0.7018574722726828,,0.7085889570552147,0.7085889570552147,0.7085889570552146,
models/ft_unsupervised_N_2.bin,SVM,30,2,221,LR,0.7331288343558282,0.740497496119447,0.7331288343558282,0.7343286696974812,,0.7331288343558282,0.7331288343558282,0.7331288343558281,
models/ft_unsupervised_N_2.bin,SVM,30,2,221,SVM,0.745398773006135,0.7719830922048696,0.745398773006135,0.7455017873816772,,0.745398773006135,0.745398773006135,0.745398773006135,
models/ft_unsupervised_N_2.bin,SVM,30,2,221,KNN,0.656441717791411,0.6791178247479162,0.656441717791411,0.6567132746992093,,0.656441717791411,0.656441717791411,0.656441717791411,
models/ft_unsupervised_N_2.bin,SVM,30,5,509,LR,0.7515337423312883,0.7504082313234169,0.7515337423312883,0.7503882717473537,,0.7515337423312883,0.7515337423312883,0.7515337423312883,
models/ft_unsupervised_N_2.bin,SVM,30,5,509,SVM,0.7668711656441718,0.7659380977316937,0.7668711656441718,0.7659347967887664,,0.7668711656441718,0.7668711656441718,0.7668711656441717,
models/ft_unsupervised_N_2.bin,SVM,30,5,509,KNN,0.7055214723926381,0.7036268814642233,0.7055214723926381,0.7036028223000246,,0.7055214723926381,0.7055214723926381,0.7055214723926381,
models/ft_unsupervised_N_2.bin,SVM,40,1,101,LR,0.6993865030674846,0.6981874962244283,0.6993865030674846,0.6933915993182667,,0.6993865030674846,0.6993865030674846,0.6993865030674846,
models/ft_unsupervised_N_2.bin,SVM,40,1,101,SVM,0.745398773006135,0.7498829304738553,0.745398773006135,0.7383615121210644,,0.745398773006135,0.745398773006135,0.745398773006135,
models/ft_unsupervised_N_2.bin,SVM,40,1,101,KNN,0.6932515337423313,0.7120100192019773,0.6932515337423313,0.6708416343767857,,0.6932515337423313,0.6932515337423313,0.6932515337423313,
models/ft_unsupervised_N_2.bin,SVM,40,2,173,LR,0.7392638036809815,0.7394925031651632,0.7392638036809815,0.7393711672597659,,0.7392638036809815,0.7392638036809815,0.7392638036809815,
models/ft_unsupervised_N_2.bin,SVM,40,2,173,SVM,0.7607361963190185,0.759696289598411,0.7607361963190185,0.7594861725768771,,0.7607361963190185,0.7607361963190185,0.7607361963190185,
models/ft_unsupervised_N_2.bin,SVM,40,2,173,KNN,0.6809815950920245,0.6782693872427605,0.6809815950920245,0.6764367096531866,,0.6809815950920245,0.6809815950920245,0.6809815950920245,
models/ft_unsupervised_N_2.bin,SVM,40,5,389,LR,0.7392638036809815,0.7386592411698135,0.7392638036809815,0.7357762836373225,,0.7392638036809815,0.7392638036809815,0.7392638036809815,
models/ft_unsupervised_N_2.bin,SVM,40,5,389,SVM,0.7515337423312883,0.7555064632933717,0.7515337423312883,0.7452420469070485,,0.7515337423312883,0.7515337423312883,0.7515337423312883,
models/ft_unsupervised_N_2.bin,SVM,40,5,389,KNN,0.6503067484662577,0.6470283900920606,0.6503067484662577,0.6393612710094599,,0.6503067484662577,0.6503067484662577,0.6503067484662577,
models/ft_unsupervised_N_2.bin,SVM,50,1,86,LR,0.6441717791411042,0.6522362673336267,0.6441717791411042,0.6457876499643045,,0.6441717791411042,0.6441717791411042,0.6441717791411042,
models/ft_unsupervised_N_2.bin,SVM,50,1,86,SVM,0.7024539877300614,0.7045699280310159,0.7024539877300614,0.703188585203804,,0.7024539877300614,0.7024539877300614,0.7024539877300614,
models/ft_unsupervised_N_2.bin,SVM,50,1,86,KNN,0.6656441717791411,0.7218042211675735,0.6656441717791411,0.6595714257731022,,0.6656441717791411,0.6656441717791411,0.6656441717791411,
models/ft_unsupervised_N_2.bin,SVM,50,2,143,LR,0.7331288343558282,0.7469420000185066,0.7331288343558282,0.7342234865237024,,0.7331288343558282,0.7331288343558282,0.7331288343558281,
models/ft_unsupervised_N_2.bin,SVM,50,2,143,SVM,0.7239263803680982,0.7399321396229922,0.7239263803680982,0.7249252522440512,,0.7239263803680982,0.7239263803680982,0.7239263803680982,
models/ft_unsupervised_N_2.bin,SVM,50,2,143,KNN,0.6441717791411042,0.7178724007370062,0.6441717791411042,0.6327500318247576,,0.6441717791411042,0.6441717791411042,0.6441717791411042,
models/ft_unsupervised_N_2.bin,SVM,50,5,314,LR,0.745398773006135,0.7466979017844636,0.745398773006135,0.7458727097085721,,0.745398773006135,0.745398773006135,0.745398773006135,
models/ft_unsupervised_N_2.bin,SVM,50,5,314,SVM,0.7576687116564417,0.7701681569575878,0.7576687116564417,0.7587181805663051,,0.7576687116564417,0.7576687116564417,0.7576687116564417,
models/ft_unsupervised_N_2.bin,SVM,50,5,314,KNN,0.6717791411042945,0.6747678471834914,0.6717791411042945,0.6727633256484887,,0.6717791411042945,0.6717791411042945,0.6717791411042945,
models/ft_unsupervised_N_2.bin,SVM,100,1,57,LR,0.6779141104294478,0.6816751658074741,0.6779141104294478,0.6790256278024513,,0.6779141104294478,0.6779141104294478,0.6779141104294478,
models/ft_unsupervised_N_2.bin,SVM,100,1,57,SVM,0.7300613496932515,0.7331793303190532,0.7300613496932515,0.7309344389351112,,0.7300613496932515,0.7300613496932515,0.7300613496932515,
models/ft_unsupervised_N_2.bin,SVM,100,1,57,KNN,0.6993865030674846,0.7052983447629402,0.6993865030674846,0.7006631387045544,,0.6993865030674846,0.6993865030674846,0.6993865030674846,
models/ft_unsupervised_N_2.bin,SVM,100,2,85,LR,0.7300613496932515,0.7311067138701266,0.7300613496932515,0.7304739579706894,,0.7300613496932515,0.7300613496932515,0.7300613496932515,
models/ft_unsupervised_N_2.bin,SVM,100,2,85,SVM,0.754601226993865,0.7624994370793251,0.754601226993865,0.7557156206650376,,0.754601226993865,0.754601226993865,0.754601226993865,
models/ft_unsupervised_N_2.bin,SVM,100,2,85,KNN,0.7055214723926381,0.7066341587705283,0.7055214723926381,0.7059715905134792,,0.7055214723926381,0.7055214723926381,0.7055214723926381,
models/ft_unsupervised_N_2.bin,SVM,100,5,169,LR,0.7055214723926381,0.7055214723926381,0.7055214723926381,0.7055214723926381,,0.7055214723926381,0.7055214723926381,0.7055214723926381,
models/ft_unsupervised_N_2.bin,SVM,100,5,169,SVM,0.7300613496932515,0.7286371818287708,0.7300613496932515,0.7286510664969896,,0.7300613496932515,0.7300613496932515,0.7300613496932515,
models/ft_unsupervised_N_2.bin,SVM,100,5,169,KNN,0.6779141104294478,0.6797896105628167,0.6779141104294478,0.6647988240918945,,0.6779141104294478,0.6779141104294478,0.6779141104294478,
models/ft_unsupervised_N_2.bin,KNN,10,1,318,LR,0.7392638036809815,0.7419534300055772,0.7392638036809815,0.7400456325245003,,0.7392638036809815,0.7392638036809815,0.7392638036809815,
models/ft_unsupervised_N_2.bin,KNN,10,1,318,SVM,0.7699386503067485,0.7717856151457172,0.7699386503067485,0.7705066380441783,,0.7699386503067485,0.7699386503067485,0.7699386503067485,
models/ft_unsupervised_N_2.bin,KNN,10,1,318,KNN,0.7055214723926381,0.7261560277536658,0.7055214723926381,0.7061534481484218,,0.7055214723926381,0.7055214723926381,0.7055214723926381,
models/ft_unsupervised_N_2.bin,KNN,10,2,607,LR,0.7392638036809815,0.7400025843277377,0.7392638036809815,0.7395704201745735,,0.7392638036809815,0.7392638036809815,0.7392638036809815,
models/ft_unsupervised_N_2.bin,KNN,10,2,607,SVM,0.7576687116564417,0.7583674633137822,0.7576687116564417,0.7579536846328387,,0.7576687116564417,0.7576687116564417,0.7576687116564417,
models/ft_unsupervised_N_2.bin,KNN,10,2,607,KNN,0.7392638036809815,0.7466192992830216,0.7392638036809815,0.7404360566009874,,0.7392638036809815,0.7392638036809815,0.7392638036809815,
models/ft_unsupervised_N_2.bin,KNN,10,5,1474,LR,0.7423312883435583,0.7419324079465471,0.7423312883435583,0.7421037007718186,,0.7423312883435583,0.7423312883435583,0.7423312883435583,
models/ft_unsupervised_N_2.bin,KNN,10,5,1474,SVM,0.7638036809815951,0.7636142602697125,0.7638036809815951,0.7637017267139541,,0.7638036809815951,0.7638036809815951,0.7638036809815951,
models/ft_unsupervised_N_2.bin,KNN,10,5,1474,KNN,0.7361963190184049,0.7385299940750893,0.7361963190184049,0.7369200326793185,,0.7361963190184049,0.7361963190184049,0.7361963190184049,
models/ft_unsupervised_N_2.bin,KNN,20,1,173,LR,0.745398773006135,0.7551339496012547,0.745398773006135,0.7465606985755406,,0.745398773006135,0.745398773006135,0.745398773006135,
models/ft_unsupervised_N_2.bin,KNN,20,1,173,SVM,0.7668711656441718,0.7736043135398377,0.7668711656441718,0.7679043502509759,,0.7668711656441718,0.7668711656441718,0.7668711656441717,
models/ft_unsupervised_N_2.bin,KNN,20,1,173,KNN,0.6840490797546013,0.7123121721347915,0.6840490797546013,0.6836298613730284,,0.6840490797546013,0.6840490797546013,0.6840490797546013,
models/ft_unsupervised_N_2.bin,KNN,20,2,317,LR,0.7085889570552147,0.7130662710096295,0.7085889570552147,0.7097040750375225,,0.7085889570552147,0.7085889570552147,0.7085889570552146,
models/ft_unsupervised_N_2.bin,KNN,20,2,317,SVM,0.7423312883435583,0.7491309775402314,0.7423312883435583,0.743473229224763,,0.7423312883435583,0.7423312883435583,0.7423312883435583,
models/ft_unsupervised_N_2.bin,KNN,20,2,317,KNN,0.6779141104294478,0.7004108706562694,0.6779141104294478,0.6782869125638563,,0.6779141104294478,0.6779141104294478,0.6779141104294478,
models/ft_unsupervised_N_2.bin,KNN,20,5,749,LR,0.7331288343558282,0.7329123198854052,0.7331288343558282,0.733013639274208,,0.7331288343558282,0.7331288343558282,0.7331288343558281,
models/ft_unsupervised_N_2.bin,KNN,20,5,749,SVM,0.7484662576687117,0.7489271598695314,0.7484662576687117,0.7486684242558579,,0.7484662576687117,0.7484662576687117,0.7484662576687117,
models/ft_unsupervised_N_2.bin,KNN,20,5,749,KNN,0.7300613496932515,0.7368943095404283,0.7300613496932515,0.7312576687116564,,0.7300613496932515,0.7300613496932515,0.7300613496932515,
models/ft_unsupervised_N_2.bin,KNN,30,1,125,LR,0.6717791411042945,0.6733163851304031,0.6717791411042945,0.6723901197447858,,0.6717791411042945,0.6717791411042945,0.6717791411042945,
models/ft_unsupervised_N_2.bin,KNN,30,1,125,SVM,0.7055214723926381,0.7069491317055373,0.7055214723926381,0.6970299613238206,,0.7055214723926381,0.7055214723926381,0.7055214723926381,
models/ft_unsupervised_N_2.bin,KNN,30,1,125,KNN,0.6993865030674846,0.7005160199956287,0.6993865030674846,0.6998459986491767,,0.6993865030674846,0.6993865030674846,0.6993865030674846,
models/ft_unsupervised_N_2.bin,KNN,30,2,221,LR,0.6840490797546013,0.689542098103989,0.6840490797546013,0.6853526189048526,,0.6840490797546013,0.6840490797546013,0.6840490797546013,
models/ft_unsupervised_N_2.bin,KNN,30,2,221,SVM,0.7423312883435583,0.7428015680052288,0.7423312883435583,0.7425383858230737,,0.7423312883435583,0.7423312883435583,0.7423312883435583,
models/ft_unsupervised_N_2.bin,KNN,30,2,221,KNN,0.7085889570552147,0.7149659137554223,0.7085889570552147,0.7098562376857552,,0.7085889570552147,0.7085889570552147,0.7085889570552146,
models/ft_unsupervised_N_2.bin,KNN,30,5,509,LR,0.6840490797546013,0.6869834076965978,0.6840490797546013,0.6849964723532181,,0.6840490797546013,0.6840490797546013,0.6840490797546013,
models/ft_unsupervised_N_2.bin,KNN,30,5,509,SVM,0.7392638036809815,0.7394925031651632,0.7392638036809815,0.7393711672597659,,0.7392638036809815,0.7392638036809815,0.7392638036809815,
models/ft_unsupervised_N_2.bin,KNN,30,5,509,KNN,0.7300613496932515,0.7340053082121533,0.7300613496932515,0.731046190282673,,0.7300613496932515,0.7300613496932515,0.7300613496932515,
models/ft_unsupervised_N_2.bin,KNN,40,1,101,LR,0.6840490797546013,0.7103736111503774,0.6840490797546013,0.6839152967255628,,0.6840490797546013,0.6840490797546013,0.6840490797546013,
models/ft_unsupervised_N_2.bin,KNN,40,1,101,SVM,0.7361963190184049,0.7478923389475245,0.7361963190184049,0.7373615648155526,,0.7361963190184049,0.7361963190184049,0.7361963190184049,
models/ft_unsupervised_N_2.bin,KNN,40,1,101,KNN,0.6380368098159509,0.7139392083042255,0.6380368098159509,0.6255271358747309,,0.6380368098159509,0.6380368098159509,0.6380368098159509,
models/ft_unsupervised_N_2.bin,KNN,40,2,173,LR,0.7392638036809815,0.7427441832845282,0.7392638036809815,0.7401636034591272,,0.7392638036809815,0.7392638036809815,0.7392638036809815,
models/ft_unsupervised_N_2.bin,KNN,40,2,173,SVM,0.7177914110429447,0.7202032474651641,0.7177914110429447,0.7185656163546197,,0.7177914110429447,0.7177914110429447,0.7177914110429446,
models/ft_unsupervised_N_2.bin,KNN,40,2,173,KNN,0.6779141104294478,0.7039947979983603,0.6779141104294478,0.6777777296716905,,0.6779141104294478,0.6779141104294478,0.6779141104294478,
models/ft_unsupervised_N_2.bin,KNN,40,5,389,LR,0.6932515337423313,0.6927620201663544,0.6932515337423313,0.6929805961569271,,0.6932515337423313,0.6932515337423313,0.6932515337423313,
models/ft_unsupervised_N_2.bin,KNN,40,5,389,SVM,0.7423312883435583,0.7446389096117311,0.7423312883435583,0.743038171454218,,0.7423312883435583,0.7423312883435583,0.7423312883435583,
models/ft_unsupervised_N_2.bin,KNN,40,5,389,KNN,0.7085889570552147,0.7139848152569193,0.7085889570552147,0.7097912504462234,,0.7085889570552147,0.7085889570552147,0.7085889570552146,
models/ft_unsupervised_N_2.bin,KNN,50,1,86,LR,0.6840490797546013,0.6988614360386368,0.6840490797546013,0.6852490780662951,,0.6840490797546013,0.6840490797546013,0.6840490797546013,
models/ft_unsupervised_N_2.bin,KNN,50,1,86,SVM,0.7208588957055214,0.7331711301434451,0.7208588957055214,0.7220677776143516,,0.7208588957055214,0.7208588957055214,0.7208588957055214,
models/ft_unsupervised_N_2.bin,KNN,50,1,86,KNN,0.6503067484662577,0.7217730379196072,0.6503067484662577,0.6399125542147015,,0.6503067484662577,0.6503067484662577,0.6503067484662577,
models/ft_unsupervised_N_2.bin,KNN,50,2,143,LR,0.7177914110429447,0.7166507849834224,0.7177914110429447,0.7169755906539615,,0.7177914110429447,0.7177914110429447,0.7177914110429446,
models/ft_unsupervised_N_2.bin,KNN,50,2,143,SVM,0.7269938650306749,0.7267719318085437,0.7269938650306749,0.7268760217862589,,0.7269938650306749,0.7269938650306749,0.7269938650306749,
models/ft_unsupervised_N_2.bin,KNN,50,2,143,KNN,0.6226993865030674,0.6201702209623909,0.6226993865030674,0.6209599682089444,,0.6226993865030674,0.6226993865030674,0.6226993865030674,
models/ft_unsupervised_N_2.bin,KNN,50,5,314,LR,0.7361963190184049,0.7357861094740231,0.7361963190184049,0.7359633126949573,,0.7361963190184049,0.7361963190184049,0.7361963190184049,
models/ft_unsupervised_N_2.bin,KNN,50,5,314,SVM,0.7484662576687117,0.7480111742759166,0.7484662576687117,0.74531531628895,,0.7484662576687117,0.7484662576687117,0.7484662576687117,
models/ft_unsupervised_N_2.bin,KNN,50,5,314,KNN,0.6717791411042945,0.6782739713109752,0.6717791411042945,0.6732064992881663,,0.6717791411042945,0.6717791411042945,0.6717791411042945,
models/ft_unsupervised_N_2.bin,KNN,100,1,57,LR,0.6656441717791411,0.6802626678500555,0.6656441717791411,0.6669140729051084,,0.6656441717791411,0.6656441717791411,0.6656441717791411,
models/ft_unsupervised_N_2.bin,KNN,100,1,57,SVM,0.6901840490797546,0.6904521957028917,0.6901840490797546,0.6903116222733691,,0.6901840490797546,0.6901840490797546,0.6901840490797546,
models/ft_unsupervised_N_2.bin,KNN,100,1,57,KNN,0.5797546012269938,0.7036415365118797,0.5797546012269938,0.5441981612048017,,0.5797546012269938,0.5797546012269938,0.5797546012269938,
models/ft_unsupervised_N_2.bin,KNN,100,2,85,LR,0.6901840490797546,0.7130455178768063,0.6901840490797546,0.6905426492280905,,0.6901840490797546,0.6901840490797546,0.6901840490797546,
models/ft_unsupervised_N_2.bin,KNN,100,2,85,SVM,0.7055214723926381,0.7244644376254856,0.7055214723926381,0.7063199680047244,,0.7055214723926381,0.7055214723926381,0.7055214723926381,
models/ft_unsupervised_N_2.bin,KNN,100,2,85,KNN,0.647239263803681,0.716307890004209,0.647239263803681,0.6371615385195688,,0.647239263803681,0.647239263803681,0.647239263803681,
models/ft_unsupervised_N_2.bin,KNN,100,5,169,LR,0.6840490797546013,0.7103736111503774,0.6840490797546013,0.6839152967255628,,0.6840490797546013,0.6840490797546013,0.6840490797546013,
models/ft_unsupervised_N_2.bin,KNN,100,5,169,SVM,0.7024539877300614,0.7238857607081828,0.7024539877300614,0.7030000670365397,,0.7024539877300614,0.7024539877300614,0.7024539877300614,
models/ft_unsupervised_N_2.bin,KNN,100,5,169,KNN,0.6411042944785276,0.7159102014224442,0.6411042944785276,0.6291462512284456,,0.6411042944785276,0.6411042944785276,0.6411042944785276,
models/ft_unsupervised_N_3.bin,LR,10,1,318,LR,0.7392638036809815,0.7436056239380536,0.7392638036809815,0.7402615408230464,,0.7392638036809815,0.7392638036809815,0.7392638036809815,
models/ft_unsupervised_N_3.bin,LR,10,1,318,SVM,0.7361963190184049,0.7354457075472703,0.7361963190184049,0.7357091656814636,,0.7361963190184049,0.7361963190184049,0.7361963190184049,
models/ft_unsupervised_N_3.bin,LR,10,1,318,KNN,0.6134969325153374,0.6134969325153374,0.6134969325153374,0.6134969325153374,,0.6134969325153374,0.6134969325153374,0.6134969325153374,
models/ft_unsupervised_N_3.bin,LR,10,2,607,LR,0.7484662576687117,0.7532265587115755,0.7484662576687117,0.7494688025724767,,0.7484662576687117,0.7484662576687117,0.7484662576687117,
models/ft_unsupervised_N_3.bin,LR,10,2,607,SVM,0.754601226993865,0.7576077682525495,0.754601226993865,0.7553949444864647,,0.754601226993865,0.754601226993865,0.754601226993865,
models/ft_unsupervised_N_3.bin,LR,10,2,607,KNN,0.656441717791411,0.6615908793687497,0.656441717791411,0.6578110474160657,,0.656441717791411,0.656441717791411,0.656441717791411,
models/ft_unsupervised_N_3.bin,LR,10,5,1474,LR,0.7361963190184049,0.7354457075472703,0.7361963190184049,0.7357091656814636,,0.7361963190184049,0.7361963190184049,0.7361963190184049,
models/ft_unsupervised_N_3.bin,LR,10,5,1474,SVM,0.7576687116564417,0.7578826184635151,0.7576687116564417,0.7577684966296648,,0.7576687116564417,0.7576687116564417,0.7576687116564417,
models/ft_unsupervised_N_3.bin,LR,10,5,1474,KNN,0.6871165644171779,0.6904295639354349,0.6871165644171779,0.6881285542202425,,0.6871165644171779,0.6871165644171779,0.6871165644171779,
models/ft_unsupervised_N_3.bin,LR,20,1,173,LR,0.745398773006135,0.7466979017844636,0.745398773006135,0.7458727097085721,,0.745398773006135,0.745398773006135,0.745398773006135,
models/ft_unsupervised_N_3.bin,LR,20,1,173,SVM,0.745398773006135,0.7461242106564191,0.745398773006135,0.7456981749939953,,0.745398773006135,0.745398773006135,0.745398773006135,
models/ft_unsupervised_N_3.bin,LR,20,1,173,KNN,0.6871165644171779,0.7041588939642813,0.6871165644171779,0.6881184892222013,,0.6871165644171779,0.6871165644171779,0.6871165644171779,
models/ft_unsupervised_N_3.bin,LR,20,2,317,LR,0.7392638036809815,0.7466192992830216,0.7392638036809815,0.7404360566009874,,0.7392638036809815,0.7392638036809815,0.7392638036809815,
models/ft_unsupervised_N_3.bin,LR,20,2,317,SVM,0.745398773006135,0.7497134945237386,0.745398773006135,0.7463730339801513,,0.745398773006135,0.745398773006135,0.745398773006135,
models/ft_unsupervised_N_3.bin,LR,20,2,317,KNN,0.6717791411042945,0.6720620804045399,0.6717791411042945,0.6719142929034702,,0.6717791411042945,0.6717791411042945,0.6717791411042945,
models/ft_unsupervised_N_3.bin,LR,20,5,749,LR,0.7699386503067485,0.7711584073358172,0.7699386503067485,0.7703669063631675,,0.7699386503067485,0.7699386503067485,0.7699386503067485,
models/ft_unsupervised_N_3.bin,LR,20,5,749,SVM,0.7668711656441718,0.766050314600085,0.7668711656441718,0.7661972270619684,,0.7668711656441718,0.7668711656441718,0.7668711656441717,
models/ft_unsupervised_N_3.bin,LR,20,5,749,KNN,0.6840490797546013,0.6855466379060798,0.6840490797546013,0.6846372180720834,,0.6840490797546013,0.6840490797546013,0.6840490797546013,
models/ft_unsupervised_N_3.bin,LR,30,1,125,LR,0.7208588957055214,0.7427549934168137,0.7208588957055214,0.7213711969105682,,0.7208588957055214,0.7208588957055214,0.7208588957055214,
models/ft_unsupervised_N_3.bin,LR,30,1,125,SVM,0.7300613496932515,0.7531379041523538,0.7300613496932515,0.7304678072882926,,0.7300613496932515,0.7300613496932515,0.7300613496932515,
models/ft_unsupervised_N_3.bin,LR,30,1,125,KNN,0.6503067484662577,0.6573559675417079,0.6503067484662577,0.651856525376464,,0.6503067484662577,0.6503067484662577,0.6503067484662577,
models/ft_unsupervised_N_3.bin,LR,30,2,221,LR,0.7085889570552147,0.7149659137554223,0.7085889570552147,0.7098562376857552,,0.7085889570552147,0.7085889570552147,0.7085889570552146,
models/ft_unsupervised_N_3.bin,LR,30,2,221,SVM,0.7576687116564417,0.7619292356951082,0.7576687116564417,0.7585960202943609,,0.7576687116564417,0.7576687116564417,0.7576687116564417,
models/ft_unsupervised_N_3.bin,LR,30,2,221,KNN,0.6288343558282209,0.6430651314728929,0.6288343558282209,0.6302440625827349,,0.6288343558282209,0.6288343558282209,0.6288343558282209,
models/ft_unsupervised_N_3.bin,LR,30,5,509,LR,0.745398773006135,0.7461242106564191,0.745398773006135,0.7456981749939953,,0.745398773006135,0.745398773006135,0.745398773006135,
models/ft_unsupervised_N_3.bin,LR,30,5,509,SVM,0.7607361963190185,0.7607361963190185,0.7607361963190185,0.7607361963190185,,0.7607361963190185,0.7607361963190185,0.7607361963190185,
models/ft_unsupervised_N_3.bin,LR,30,5,509,KNN,0.6288343558282209,0.6246172768578744,0.6288343558282209,0.6115092117544421,,0.6288343558282209,0.6288343558282209,0.6288343558282209,
models/ft_unsupervised_N_3.bin,LR,40,1,101,LR,0.7392638036809815,0.7383551932288555,0.7392638036809815,0.7362131695406602,,0.7392638036809815,0.7392638036809815,0.7392638036809815,
models/ft_unsupervised_N_3.bin,LR,40,1,101,SVM,0.6717791411042945,0.7057486507680244,0.6717791411042945,0.6351194661275261,,0.6717791411042945,0.6717791411042945,0.6717791411042945,
models/ft_unsupervised_N_3.bin,LR,40,1,101,KNN,0.6717791411042945,0.6699652211430195,0.6717791411042945,0.662707009601854,,0.6717791411042945,0.6717791411042945,0.6717791411042945,
models/ft_unsupervised_N_3.bin,LR,40,2,173,LR,0.7208588957055214,0.7271965612369045,0.7208588957055214,0.7220728171516181,,0.7208588957055214,0.7208588957055214,0.7208588957055214,
models/ft_unsupervised_N_3.bin,LR,40,2,173,SVM,0.7515337423312883,0.752813028172302,0.7515337423312883,0.751996258872221,,0.7515337423312883,0.7515337423312883,0.7515337423312883,
models/ft_unsupervised_N_3.bin,LR,40,2,173,KNN,0.6595092024539877,0.6561042550380305,0.6595092024539877,0.655525433164862,,0.6595092024539877,0.6595092024539877,0.6595092024539877,
models/ft_unsupervised_N_3.bin,LR,40,5,389,LR,0.7423312883435583,0.7423312883435583,0.7423312883435583,0.7423312883435583,,0.7423312883435583,0.7423312883435583,0.7423312883435583,
models/ft_unsupervised_N_3.bin,LR,40,5,389,SVM,0.7576687116564417,0.7578826184635151,0.7576687116564417,0.7577684966296648,,0.7576687116564417,0.7576687116564417,0.7576687116564417,
models/ft_unsupervised_N_3.bin,LR,40,5,389,KNN,0.6595092024539877,0.6703135394338089,0.6595092024539877,0.6610362111764005,,0.6595092024539877,0.6595092024539877,0.6595092024539877,
models/ft_unsupervised_N_3.bin,LR,50,1,86,LR,0.696319018404908,0.6943670483766891,0.696319018404908,0.6945395974417692,,0.696319018404908,0.696319018404908,0.696319018404908,
models/ft_unsupervised_N_3.bin,LR,50,1,86,SVM,0.6901840490797546,0.7091572489505974,0.6901840490797546,0.6669302113524392,,0.6901840490797546,0.6901840490797546,0.6901840490797546,
models/ft_unsupervised_N_3.bin,LR,50,1,86,KNN,0.6533742331288344,0.6589887016628265,0.6533742331288344,0.6548043294781392,,0.6533742331288344,0.6533742331288344,0.6533742331288344,
models/ft_unsupervised_N_3.bin,LR,50,2,143,LR,0.6779141104294478,0.6834314188157566,0.6779141104294478,0.67924296101951,,0.6779141104294478,0.6779141104294478,0.6779141104294478,
models/ft_unsupervised_N_3.bin,LR,50,2,143,SVM,0.7085889570552147,0.7081510009255695,0.7085889570552147,0.7024776592661363,,0.7085889570552147,0.7085889570552147,0.7085889570552146,
models/ft_unsupervised_N_3.bin,LR,50,2,143,KNN,0.5920245398773006,0.5833877027012807,0.5920245398773006,0.5807479652060429,,0.5920245398773006,0.5920245398773006,0.5920245398773006,
models/ft_unsupervised_N_3.bin,LR,50,5,314,LR,0.7177914110429447,0.7337230008851655,0.7177914110429447,0.7188124800716967,,0.7177914110429447,0.7177914110429447,0.7177914110429446,
models/ft_unsupervised_N_3.bin,LR,50,5,314,SVM,0.7300613496932515,0.7445950121692515,0.7300613496932515,0.7311301113177692,,0.7300613496932515,0.7300613496932515,0.7300613496932515,
models/ft_unsupervised_N_3.bin,LR,50,5,314,KNN,0.6595092024539877,0.6680777927411176,0.6595092024539877,0.6610643960312496,,0.6595092024539877,0.6595092024539877,0.6595092024539877,
models/ft_unsupervised_N_3.bin,LR,100,1,57,LR,0.7147239263803681,0.7346970428069208,0.7147239263803681,0.7154194793289357,,0.7147239263803681,0.7147239263803681,0.7147239263803682,
models/ft_unsupervised_N_3.bin,LR,100,1,57,SVM,0.6871165644171779,0.697392551433629,0.6871165644171779,0.6885350544345544,,0.6871165644171779,0.6871165644171779,0.6871165644171779,
models/ft_unsupervised_N_3.bin,LR,100,1,57,KNN,0.5245398773006135,0.6742364630568152,0.5245398773006135,0.45998063451395427,,0.5245398773006135,0.5245398773006135,0.5245398773006135,
models/ft_unsupervised_N_3.bin,LR,100,2,85,LR,0.7055214723926381,0.7297729927720876,0.7055214723926381,0.7057542354564651,,0.7055214723926381,0.7055214723926381,0.7055214723926381,
models/ft_unsupervised_N_3.bin,LR,100,2,85,SVM,0.6748466257668712,0.712186096725047,0.6748466257668712,0.6727878398447679,,0.6748466257668712,0.6748466257668712,0.6748466257668712,
models/ft_unsupervised_N_3.bin,LR,100,2,85,KNN,0.588957055214724,0.69897587563855,0.588957055214724,0.55967750479144,,0.588957055214724,0.588957055214724,0.588957055214724,
models/ft_unsupervised_N_3.bin,LR,100,5,169,LR,0.7484662576687117,0.7542005221417755,0.7484662576687117,0.7495344629976883,,0.7484662576687117,0.7484662576687117,0.7484662576687117,
models/ft_unsupervised_N_3.bin,LR,100,5,169,SVM,0.7361963190184049,0.7430126435403299,0.7361963190184049,0.7373654489682097,,0.7361963190184049,0.7361963190184049,0.7361963190184049,
models/ft_unsupervised_N_3.bin,LR,100,5,169,KNN,0.6932515337423313,0.7119600148785742,0.6932515337423313,0.6940833000049212,,0.6932515337423313,0.6932515337423313,0.6932515337423313,
models/ft_unsupervised_N_3.bin,SVM,10,1,318,LR,0.7331288343558282,0.7329123198854052,0.7331288343558282,0.733013639274208,,0.7331288343558282,0.7331288343558282,0.7331288343558281,
models/ft_unsupervised_N_3.bin,SVM,10,1,318,SVM,0.7392638036809815,0.7419534300055772,0.7392638036809815,0.7400456325245003,,0.7392638036809815,0.7392638036809815,0.7392638036809815,
models/ft_unsupervised_N_3.bin,SVM,10,1,318,KNN,0.6349693251533742,0.6480311190073009,0.6349693251533742,0.6364666080036847,,0.6349693251533742,0.6349693251533742,0.6349693251533742,
models/ft_unsupervised_N_3.bin,SVM,10,2,607,LR,0.7484662576687117,0.7515006587691754,0.7484662576687117,0.7492798180986263,,0.7484662576687117,0.7484662576687117,0.7484662576687117,
models/ft_unsupervised_N_3.bin,SVM,10,2,607,SVM,0.7730061349693251,0.7751834872949398,0.7730061349693251,0.7736288653287159,,0.7730061349693251,0.7730061349693251,0.7730061349693251,
models/ft_unsupervised_N_3.bin,SVM,10,2,607,KNN,0.6809815950920245,0.6782412016180193,0.6809815950920245,0.6769852791957415,,0.6809815950920245,0.6809815950920245,0.6809815950920245,
models/ft_unsupervised_N_3.bin,SVM,10,5,1474,LR,0.7730061349693251,0.7734295273267414,0.7730061349693251,0.7731885779869937,,0.7730061349693251,0.7730061349693251,0.7730061349693251,
models/ft_unsupervised_N_3.bin,SVM,10,5,1474,SVM,0.7760736196319018,0.7758950364234354,0.7760736196319018,0.7759769616898526,,0.7760736196319018,0.7760736196319018,0.7760736196319018,
models/ft_unsupervised_N_3.bin,SVM,10,5,1474,KNN,0.6533742331288344,0.6504853945900725,0.6533742331288344,0.6508812003000464,,0.6533742331288344,0.6533742331288344,0.6533742331288344,
models/ft_unsupervised_N_3.bin,SVM,20,1,173,LR,0.7423312883435583,0.7446389096117311,0.7423312883435583,0.743038171454218,,0.7423312883435583,0.7423312883435583,0.7423312883435583,
models/ft_unsupervised_N_3.bin,SVM,20,1,173,SVM,0.754601226993865,0.7539245393797362,0.754601226993865,0.754148061099036,,0.754601226993865,0.754601226993865,0.754601226993865,
models/ft_unsupervised_N_3.bin,SVM,20,1,173,KNN,0.6809815950920245,0.702827575340168,0.6809815950920245,0.6536899262330448,,0.6809815950920245,0.6809815950920245,0.6809815950920245,
models/ft_unsupervised_N_3.bin,SVM,20,2,317,LR,0.7515337423312883,0.7509889161932544,0.7515337423312883,0.7511970963019872,,0.7515337423312883,0.7515337423312883,0.7515337423312883,
models/ft_unsupervised_N_3.bin,SVM,20,2,317,SVM,0.754601226993865,0.7584339313937568,0.754601226993865,0.7554965366206118,,0.754601226993865,0.754601226993865,0.754601226993865,
models/ft_unsupervised_N_3.bin,SVM,20,2,317,KNN,0.6871165644171779,0.6851544309512745,0.6871165644171779,0.685481917985147,,0.6871165644171779,0.6871165644171779,0.6871165644171779,
models/ft_unsupervised_N_3.bin,SVM,20,5,749,LR,0.7576687116564417,0.7568864080989193,0.7576687116564417,0.7570971480882668,,0.7576687116564417,0.7576687116564417,0.7576687116564417,
models/ft_unsupervised_N_3.bin,SVM,20,5,749,SVM,0.7699386503067485,0.7692204505308743,0.7699386503067485,0.7693960266660761,,0.7699386503067485,0.7699386503067485,0.7699386503067485,
models/ft_unsupervised_N_3.bin,SVM,20,5,749,KNN,0.6441717791411042,0.64018485289553,0.6441717791411042,0.6397143498721731,,0.6441717791411042,0.6441717791411042,0.6441717791411042,
models/ft_unsupervised_N_3.bin,SVM,30,1,125,LR,0.6840490797546013,0.6869834076965978,0.6840490797546013,0.6849964723532181,,0.6840490797546013,0.6840490797546013,0.6840490797546013,
models/ft_unsupervised_N_3.bin,SVM,30,1,125,SVM,0.7147239263803681,0.7256841784315174,0.7147239263803681,0.7160033120667141,,0.7147239263803681,0.7147239263803681,0.7147239263803682,
models/ft_unsupervised_N_3.bin,SVM,30,1,125,KNN,0.6687116564417178,0.680143359536281,0.6687116564417178,0.6701749883730195,,0.6687116564417178,0.6687116564417178,0.6687116564417178,
models/ft_unsupervised_N_3.bin,SVM,30,2,221,LR,0.7269938650306749,0.726378097989251,0.7269938650306749,0.7266239700108253,,0.7269938650306749,0.7269938650306749,0.7269938650306749,
models/ft_unsupervised_N_3.bin,SVM,30,2,221,SVM,0.745398773006135,0.7473435471040075,0.745398773006135,0.7460273461022241,,0.745398773006135,0.745398773006135,0.745398773006135,
models/ft_unsupervised_N_3.bin,SVM,30,2,221,KNN,0.696319018404908,0.6984594110205884,0.696319018404908,0.6970687622183154,,0.696319018404908,0.696319018404908,0.696319018404908,
models/ft_unsupervised_N_3.bin,SVM,30,5,509,LR,0.7515337423312883,0.7505255547416293,0.7515337423312883,0.7506781604264151,,0.7515337423312883,0.7515337423312883,0.7515337423312883,
models/ft_unsupervised_N_3.bin,SVM,30,5,509,SVM,0.7668711656441718,0.7659615302442907,0.7668711656441718,0.7653522343208528,,0.7668711656441718,0.7668711656441718,0.7668711656441717,
models/ft_unsupervised_N_3.bin,SVM,30,5,509,KNN,0.6748466257668712,0.6738496014390511,0.6748466257668712,0.6742461809562225,,0.6748466257668712,0.6748466257668712,0.6748466257668712,
models/ft_unsupervised_N_3.bin,SVM,40,1,101,LR,0.7177914110429447,0.7160938112202369,0.7177914110429447,0.7159527047041903,,0.7177914110429447,0.7177914110429447,0.7177914110429446,
models/ft_unsupervised_N_3.bin,SVM,40,1,101,SVM,0.7239263803680982,0.7342688786273742,0.7239263803680982,0.7251779892069599,,0.7239263803680982,0.7239263803680982,0.7239263803680982,
models/ft_unsupervised_N_3.bin,SVM,40,1,101,KNN,0.6288343558282209,0.6244692788107901,0.6288343558282209,0.6244916884049398,,0.6288343558282209,0.6288343558282209,0.6288343558282209,
models/ft_unsupervised_N_3.bin,SVM,40,2,173,LR,0.7116564417177914,0.714858001868931,0.7116564417177914,0.7125890597715961,,0.7116564417177914,0.7116564417177914,0.7116564417177914,
models/ft_unsupervised_N_3.bin,SVM,40,2,173,SVM,0.7576687116564417,0.7578826184635151,0.7576687116564417,0.7577684966296648,,0.7576687116564417,0.7576687116564417,0.7576687116564417,
models/ft_unsupervised_N_3.bin,SVM,40,2,173,KNN,0.6932515337423313,0.6913662525052024,0.6932515337423313,0.6916489392011245,,0.6932515337423313,0.6932515337423313,0.6932515337423313,
models/ft_unsupervised_N_3.bin,SVM,40,5,389,LR,0.7239263803680982,0.7239263803680982,0.7239263803680982,0.7239263803680982,,0.7239263803680982,0.7239263803680982,0.7239263803680982,
models/ft_unsupervised_N_3.bin,SVM,40,5,389,SVM,0.7576687116564417,0.7571416207442552,0.7576687116564417,0.7573403778747776,,0.7576687116564417,0.7576687116564417,0.7576687116564417,
models/ft_unsupervised_N_3.bin,SVM,40,5,389,KNN,0.6779141104294478,0.6787863210409223,0.6779141104294478,0.6782928719803555,,0.6779141104294478,0.6779141104294478,0.6779141104294478,
models/ft_unsupervised_N_3.bin,SVM,50,1,86,LR,0.6441717791411042,0.6400791557774597,0.6441717791411042,0.6339112032662834,,0.6441717791411042,0.6441717791411042,0.6441717791411042,
models/ft_unsupervised_N_3.bin,SVM,50,1,86,SVM,0.7024539877300614,0.7004462764144512,0.7024539877300614,0.7003139507000399,,0.7024539877300614,0.7024539877300614,0.7024539877300614,
models/ft_unsupervised_N_3.bin,SVM,50,1,86,KNN,0.6748466257668712,0.7077563899258302,0.6748466257668712,0.6735730992003722,,0.6748466257668712,0.6748466257668712,0.6748466257668712,
models/ft_unsupervised_N_3.bin,SVM,50,2,143,LR,0.7239263803680982,0.7278981524167524,0.7239263803680982,0.7249336036981883,,0.7239263803680982,0.7239263803680982,0.7239263803680982,
models/ft_unsupervised_N_3.bin,SVM,50,2,143,SVM,0.7423312883435583,0.7480877499694212,0.7423312883435583,0.7434255474610466,,0.7423312883435583,0.7423312883435583,0.7423312883435583,
models/ft_unsupervised_N_3.bin,SVM,50,2,143,KNN,0.6196319018404908,0.6981075108294998,0.6196319018404908,0.6045135845749343,,0.6196319018404908,0.6196319018404908,0.6196319018404908,
models/ft_unsupervised_N_3.bin,SVM,50,5,314,LR,0.7208588957055214,0.7305728280527523,0.7208588957055214,0.7221328141008938,,0.7208588957055214,0.7208588957055214,0.7208588957055214,
models/ft_unsupervised_N_3.bin,SVM,50,5,314,SVM,0.7484662576687117,0.7602103352041143,0.7484662576687117,0.7495773059869222,,0.7484662576687117,0.7484662576687117,0.7484662576687117,
models/ft_unsupervised_N_3.bin,SVM,50,5,314,KNN,0.6993865030674846,0.7136424080188597,0.6993865030674846,0.7005767148766066,,0.6993865030674846,0.6993865030674846,0.6993865030674846,
models/ft_unsupervised_N_3.bin,SVM,100,1,57,LR,0.6533742331288344,0.6494832119435462,0.6533742331288344,0.6474841730603443,,0.6533742331288344,0.6533742331288344,0.6533742331288344,
models/ft_unsupervised_N_3.bin,SVM,100,1,57,SVM,0.6932515337423313,0.6935751365199218,0.6932515337423313,0.6844062097123131,,0.6932515337423313,0.6932515337423313,0.6932515337423313,
models/ft_unsupervised_N_3.bin,SVM,100,1,57,KNN,0.5337423312883436,0.6679560744846078,0.5337423312883436,0.478774918876593,,0.5337423312883436,0.5337423312883436,0.5337423312883436,
models/ft_unsupervised_N_3.bin,SVM,100,2,85,LR,0.6625766871165644,0.6592365966251933,0.6625766871165644,0.6558477135205034,,0.6625766871165644,0.6625766871165644,0.6625766871165644,
models/ft_unsupervised_N_3.bin,SVM,100,2,85,SVM,0.6932515337423313,0.7028270781312376,0.6932515337423313,0.6764595682979877,,0.6932515337423313,0.6932515337423313,0.6932515337423313,
models/ft_unsupervised_N_3.bin,SVM,100,2,85,KNN,0.6319018404907976,0.6467950585555925,0.6319018404907976,0.6332336696587351,,0.6319018404907976,0.6319018404907976,0.6319018404907976,
models/ft_unsupervised_N_3.bin,SVM,100,5,169,LR,0.7116564417177914,0.7165722869744451,0.7116564417177914,0.7128057005099123,,0.7116564417177914,0.7116564417177914,0.7116564417177914,
models/ft_unsupervised_N_3.bin,SVM,100,5,169,SVM,0.7484662576687117,0.7475254909938365,0.7484662576687117,0.7477391134089659,,0.7484662576687117,0.7484662576687117,0.7484662576687117,
models/ft_unsupervised_N_3.bin,SVM,100,5,169,KNN,0.6748466257668712,0.7077563899258302,0.6748466257668712,0.6735730992003722,,0.6748466257668712,0.6748466257668712,0.6748466257668712,
models/ft_unsupervised_N_3.bin,KNN,10,1,318,LR,0.7269938650306749,0.7333118849776457,0.7269938650306749,0.7281811068845495,,0.7269938650306749,0.7269938650306749,0.7269938650306749,
models/ft_unsupervised_N_3.bin,KNN,10,1,318,SVM,0.7730061349693251,0.7734295273267414,0.7730061349693251,0.7731885779869937,,0.7730061349693251,0.7730061349693251,0.7730061349693251,
models/ft_unsupervised_N_3.bin,KNN,10,1,318,KNN,0.7116564417177914,0.7175238891076491,0.7116564417177914,0.712880969777838,,0.7116564417177914,0.7116564417177914,0.7116564417177914,
models/ft_unsupervised_N_3.bin,KNN,10,2,607,LR,0.6993865030674846,0.6984880438823388,0.6993865030674846,0.698831374846319,,0.6993865030674846,0.6993865030674846,0.6993865030674846,
models/ft_unsupervised_N_3.bin,KNN,10,2,607,SVM,0.7576687116564417,0.7568864080989193,0.7576687116564417,0.7570971480882668,,0.7576687116564417,0.7576687116564417,0.7576687116564417,
models/ft_unsupervised_N_3.bin,KNN,10,2,607,KNN,0.7116564417177914,0.7116564417177914,0.7116564417177914,0.7116564417177914,,0.7116564417177914,0.7116564417177914,0.7116564417177914,
models/ft_unsupervised_N_3.bin,KNN,10,5,1474,LR,0.7116564417177914,0.7108072651039827,0.7116564417177914,0.7111239717913672,,0.7116564417177914,0.7116564417177914,0.7116564417177914,
models/ft_unsupervised_N_3.bin,KNN,10,5,1474,SVM,0.7576687116564417,0.7578826184635151,0.7576687116564417,0.7577684966296648,,0.7576687116564417,0.7576687116564417,0.7576687116564417,
models/ft_unsupervised_N_3.bin,KNN,10,5,1474,KNN,0.7331288343558282,0.7329123198854052,0.7331288343558282,0.733013639274208,,0.7331288343558282,0.7331288343558282,0.7331288343558281,
models/ft_unsupervised_N_3.bin,KNN,20,1,173,LR,0.7239263803680982,0.7355743426909349,0.7239263803680982,0.7251458236441829,,0.7239263803680982,0.7239263803680982,0.7239263803680982,
models/ft_unsupervised_N_3.bin,KNN,20,1,173,SVM,0.7576687116564417,0.7661597142556293,0.7576687116564417,0.758775561139358,,0.7576687116564417,0.7576687116564417,0.7576687116564417,
models/ft_unsupervised_N_3.bin,KNN,20,1,173,KNN,0.6748466257668712,0.7017396613859466,0.6748466257668712,0.6745651394823423,,0.6748466257668712,0.6748466257668712,0.6748466257668712,
models/ft_unsupervised_N_3.bin,KNN,20,2,317,LR,0.7269938650306749,0.731389882766684,0.7269938650306749,0.728038554508837,,0.7269938650306749,0.7269938650306749,0.7269938650306749,
models/ft_unsupervised_N_3.bin,KNN,20,2,317,SVM,0.7484662576687117,0.7515006587691754,0.7484662576687117,0.7492798180986263,,0.7484662576687117,0.7484662576687117,0.7484662576687117,
models/ft_unsupervised_N_3.bin,KNN,20,2,317,KNN,0.6656441717791411,0.7057473950725485,0.6656441717791411,0.6628539585046272,,0.6656441717791411,0.6656441717791411,0.6656441717791411,
models/ft_unsupervised_N_3.bin,KNN,20,5,749,LR,0.7331288343558282,0.731671827554688,0.7331288343558282,0.7312094197000357,,0.7331288343558282,0.7331288343558282,0.7331288343558281,
models/ft_unsupervised_N_3.bin,KNN,20,5,749,SVM,0.745398773006135,0.7448362116422537,0.745398773006135,0.7450538147291967,,0.745398773006135,0.745398773006135,0.745398773006135,
models/ft_unsupervised_N_3.bin,KNN,20,5,749,KNN,0.7055214723926381,0.7114111169352947,0.7055214723926381,0.7067720542411962,,0.7055214723926381,0.7055214723926381,0.7055214723926381,
models/ft_unsupervised_N_3.bin,KNN,30,1,125,LR,0.6840490797546013,0.6869834076965978,0.6840490797546013,0.6849964723532181,,0.6840490797546013,0.6840490797546013,0.6840490797546013,
models/ft_unsupervised_N_3.bin,KNN,30,1,125,SVM,0.6901840490797546,0.6947588322403215,0.6901840490797546,0.6766621058981036,,0.6901840490797546,0.6901840490797546,0.6901840490797546,
models/ft_unsupervised_N_3.bin,KNN,30,1,125,KNN,0.6748466257668712,0.6730930293626601,0.6748466257668712,0.6662400828446192,,0.6748466257668712,0.6748466257668712,0.6748466257668712,
models/ft_unsupervised_N_3.bin,KNN,30,2,221,LR,0.7239263803680982,0.7270722208356791,0.7239263803680982,0.7248193125472728,,0.7239263803680982,0.7239263803680982,0.7239263803680982,
models/ft_unsupervised_N_3.bin,KNN,30,2,221,SVM,0.7423312883435583,0.7416053181580924,0.7423312883435583,0.7418554641539877,,0.7423312883435583,0.7423312883435583,0.7423312883435583,
models/ft_unsupervised_N_3.bin,KNN,30,2,221,KNN,0.6993865030674846,0.7052983447629402,0.6993865030674846,0.7006631387045544,,0.6993865030674846,0.6993865030674846,0.6993865030674846,
models/ft_unsupervised_N_3.bin,KNN,30,5,509,LR,0.7116564417177914,0.7116564417177914,0.7116564417177914,0.7116564417177914,,0.7116564417177914,0.7116564417177914,0.7116564417177914,
models/ft_unsupervised_N_3.bin,KNN,30,5,509,SVM,0.7515337423312883,0.7504071582388301,0.7515337423312883,0.7497467011000334,,0.7515337423312883,0.7515337423312883,0.7515337423312883,
models/ft_unsupervised_N_3.bin,KNN,30,5,509,KNN,0.7331288343558282,0.7319754276928243,0.7331288343558282,0.732209876013557,,0.7331288343558282,0.7331288343558282,0.7331288343558281,
models/ft_unsupervised_N_3.bin,KNN,40,1,101,LR,0.7116564417177914,0.7232563464343451,0.7116564417177914,0.7129300824728133,,0.7116564417177914,0.7116564417177914,0.7116564417177914,
models/ft_unsupervised_N_3.bin,KNN,40,1,101,SVM,0.7177914110429447,0.7226813322639668,0.7177914110429447,0.7189162175203396,,0.7177914110429447,0.7177914110429447,0.7177914110429446,
models/ft_unsupervised_N_3.bin,KNN,40,1,101,KNN,0.6840490797546013,0.7232764280070644,0.6840490797546013,0.6818426312460029,,0.6840490797546013,0.6840490797546013,0.6840490797546013,
models/ft_unsupervised_N_3.bin,KNN,40,2,173,LR,0.7392638036809815,0.7405827753966253,0.7392638036809815,0.7397491605449233,,0.7392638036809815,0.7392638036809815,0.7392638036809815,
models/ft_unsupervised_N_3.bin,KNN,40,2,173,SVM,0.7423312883435583,0.7462196198029551,0.7423312883435583,0.7432713634516425,,0.7423312883435583,0.7423312883435583,0.7423312883435583,
models/ft_unsupervised_N_3.bin,KNN,40,2,173,KNN,0.6871165644171779,0.7186063138910601,0.6871165644171779,0.6862330456796512,,0.6871165644171779,0.6871165644171779,0.6871165644171779,
models/ft_unsupervised_N_3.bin,KNN,40,5,389,LR,0.7116564417177914,0.7127522975454279,0.7116564417177914,0.7120971823777817,,0.7116564417177914,0.7116564417177914,0.7116564417177914,
models/ft_unsupervised_N_3.bin,KNN,40,5,389,SVM,0.7361963190184049,0.7419749777970667,0.7361963190184049,0.737316631924405,,0.7361963190184049,0.7361963190184049,0.7361963190184049,
models/ft_unsupervised_N_3.bin,KNN,40,5,389,KNN,0.6871165644171779,0.7145307408153069,0.6871165644171779,0.6868457002565936,,0.6871165644171779,0.6871165644171779,0.6871165644171779,
models/ft_unsupervised_N_3.bin,KNN,50,1,86,LR,0.6809815950920245,0.6979292011770782,0.6809815950920245,0.6820031654814601,,0.6809815950920245,0.6809815950920245,0.6809815950920245,
models/ft_unsupervised_N_3.bin,KNN,50,1,86,SVM,0.7239263803680982,0.7399321396229922,0.7239263803680982,0.7249252522440512,,0.7239263803680982,0.7239263803680982,0.7239263803680982,
models/ft_unsupervised_N_3.bin,KNN,50,1,86,KNN,0.6319018404907976,0.7099681030204221,0.6319018404907976,0.6182419202912612,,0.6319018404907976,0.6319018404907976,0.6319018404907976,
models/ft_unsupervised_N_3.bin,KNN,50,2,143,LR,0.6871165644171779,0.6849264868302031,0.6871165644171779,0.6850779986937762,,0.6871165644171779,0.6871165644171779,0.6871165644171779,
models/ft_unsupervised_N_3.bin,KNN,50,2,143,SVM,0.7177914110429447,0.7163994572718709,0.7177914110429447,0.7166579119021912,,0.7177914110429447,0.7177914110429447,0.7177914110429446,
models/ft_unsupervised_N_3.bin,KNN,50,2,143,KNN,0.6165644171779141,0.611815288319894,0.6165644171779141,0.6120781905009708,,0.6165644171779141,0.6165644171779141,0.6165644171779141,
models/ft_unsupervised_N_3.bin,KNN,50,5,314,LR,0.7269938650306749,0.7254455156295647,0.7269938650306749,0.7246434547048044,,0.7269938650306749,0.7269938650306749,0.7269938650306749,
models/ft_unsupervised_N_3.bin,KNN,50,5,314,SVM,0.7576687116564417,0.758226367970181,0.7576687116564417,0.7539999473217288,,0.7576687116564417,0.7576687116564417,0.7576687116564417,
models/ft_unsupervised_N_3.bin,KNN,50,5,314,KNN,0.6533742331288344,0.6508104515992333,0.6533742331288344,0.651343176877979,,0.6533742331288344,0.6533742331288344,0.6533742331288344,
models/ft_unsupervised_N_3.bin,KNN,100,1,57,LR,0.6625766871165644,0.703598571559381,0.6625766871165644,0.6595213543456901,,0.6625766871165644,0.6625766871165644,0.6625766871165644,
models/ft_unsupervised_N_3.bin,KNN,100,1,57,SVM,0.6595092024539877,0.6885351573629129,0.6595092024539877,0.6587240781219931,,0.6595092024539877,0.6595092024539877,0.6595092024539877,
models/ft_unsupervised_N_3.bin,KNN,100,1,57,KNN,0.5858895705521472,0.7136633152333555,0.5858895705521472,0.5508522026470672,,0.5858895705521472,0.5858895705521472,0.5858895705521472,
models/ft_unsupervised_N_3.bin,KNN,100,2,85,LR,0.7239263803680982,0.7384044913391732,0.7239263803680982,0.7250194320295367,,0.7239263803680982,0.7239263803680982,0.7239263803680982,
models/ft_unsupervised_N_3.bin,KNN,100,2,85,SVM,0.7024539877300614,0.7205265848670757,0.7024539877300614,0.7033365810147266,,0.7024539877300614,0.7024539877300614,0.7024539877300614,
models/ft_unsupervised_N_3.bin,KNN,100,2,85,KNN,0.6687116564417178,0.7238062851515539,0.6687116564417178,0.6630019520356943,,0.6687116564417178,0.6687116564417178,0.6687116564417178,
models/ft_unsupervised_N_3.bin,KNN,100,5,169,LR,0.7147239263803681,0.7313960673844544,0.7147239263803681,0.7156994359157073,,0.7147239263803681,0.7147239263803681,0.7147239263803682,
models/ft_unsupervised_N_3.bin,KNN,100,5,169,SVM,0.7269938650306749,0.7438344114994487,0.7269938650306749,0.7279274171666446,,0.7269938650306749,0.7269938650306749,0.7269938650306749,
models/ft_unsupervised_N_3.bin,KNN,100,5,169,KNN,0.6717791411042945,0.6958191198404081,0.6717791411042945,0.67191194276915,,0.6717791411042945,0.6717791411042945,0.6717791411042945,
